ID,NAME,GENDER,AGE,BIRTHDAY,ADDRESS
4906c1a1-68e6-4819-83bc-6a4a81f71870,최하은,Male,63,1960-05-04,인천 강서구 90로 55
49b568da-b0d1-4c6b-a46e-adc43327e379,강은지,Female,11,2012-11-14,대구 서구 2길 23
2e1f358e-8e94-4dde-96b2-3a581ae81cda,장준영,Female,56,1967-12-27,제주 강동구 27길 69
8e331a78-dcd7-4239-b951-127773f6f82d,윤예지,Male,17,2006-10-24,인천 서구 28길 44
4e7ed623-0aef-4c02-8264-b32eafb8612c,강하은,Female,29,1994-04-08,광주 강서구 81로 66
e3108dfe-0c20-4ec2-8d8b-e86c5f385691,조은지,Female,56,1967-05-25,광주 북구 8로 96
f739f4e0-9dd6-42fb-b10d-d127f1fd7280,강준영,Female,63,1960-09-24,인천 강서구 94로 55
d3326963-d7bb-44a1-b029-58f1b590b326,윤예진,Female,20,2003-04-08,제주 강남구 75길 67
884d503d-6dbe-4735-b1ae-3cf533fcb464,강승현,Female,67,1956-12-09,인천 북구 10로 94
5645fe17-d324-47a7-8c9f-fe058ed3dba6,강서준,Female,22,2001-03-07,제주 강남구 33로 59
dea9ff0f-c31f-4d5f-adfb-824b843b507c,강예지,Female,56,1967-05-13,인천 강서구 93길 14
3b10157c-7695-4386-9365-b48e6e6b8901,강서준,Female,49,1974-05-21,경주 강동구 74길 74
df959526-5fc1-4838-9422-2b17eb418de5,강예지,Female,33,1990-10-14,제주 북구 0로 79
8d547204-65dd-439c-8f97-a6d3c1d7e7c7,장준영,Male,57,1966-03-17,대구 서구 92로 32
59810dda-e54a-40d9-a6f4-bd7430d5cd24,김준영,Male,31,1992-09-28,제주 서구 81로 30
cb063d32-507d-41bb-9d68-0092d39cd4e9,이승현,Male,45,1978-04-24,인천 중구 54로 4
bfef48b8-7512-4f4e-8292-ffcb31e4a11e,장준영,Female,43,1980-11-01,경주 남구 26로 95
37616c28-bbf1-4a65-967b-c601be2a42e8,이예지,Male,34,1989-08-18,인천 중구 39로 50
aeb097a2-32dd-41e2-ae18-02f6ed5f98bf,장예지,Female,40,1983-07-16,서울 서구 87길 4
5572c486-6c78-429a-85fe-9751585fb347,조승현,Male,15,2008-08-10,대전 강서구 79로 41
4a031b44-3df0-44aa-ad61-0e5f885bc13b,장예지,Female,22,2001-02-05,경주 강북구 22길 65
448bbb26-c611-450a-a70e-8c31315ddb5a,조승현,Female,69,1954-02-08,인천 강북구 90로 14
749c6c39-71a4-4ab4-8cdd-ec8bf7874830,조서준,Male,14,2009-06-22,인천 강서구 50길 4
1e5b6db4-550a-45e8-89bd-c2469f0e0c31,강준영,Male,39,1984-06-14,경주 강북구 88로 80
cce61753-6249-473b-afba-3cc431c470aa,최예진,Male,68,1955-11-05,서울 남구 98로 88
825e00b9-f650-439a-aa47-96a14ae696ff,장승현,Male,38,1985-05-17,광주 강서구 94길 22
30e2a237-d976-402d-b1c8-d5710458eb48,김승현,Female,66,1957-02-07,대구 남구 75로 43
3f5f851a-7e33-4418-b70a-f2754b053b1c,윤예진,Male,36,1987-08-25,부산 서구 95길 86
f163c4f3-e240-40d5-861e-bd4f6d709a43,윤서준,Male,65,1958-10-19,서울 서구 99길 88
e2cd301f-1e01-4aff-88d9-e931fa0c795e,강예지,Female,64,1959-01-08,서울 강남구 74길 96
a308739c-4033-4f1e-8078-52007804915a,김하은,Male,58,1965-01-20,경주 강남구 77길 62
5774c730-fe3a-45b5-93ca-6d1f1f01760c,강예진,Male,50,1973-03-17,부산 강동구 1길 27
ae2a1f0d-c351-42bf-b3d7-9cd1abb5e6cd,이예진,Male,38,1985-07-23,서울 강동구 36길 9
c80a991e-7d78-4dc9-a0e6-dc9b6a7dfd13,윤은지,Female,67,1956-05-25,경주 서구 65로 90
40dfc64e-680d-4143-88d3-b972de22fed2,장예지,Female,22,2001-03-28,부산 서구 65로 53
9f69505b-aabb-4023-a329-3025fd7a09d1,김은지,Male,43,1980-01-15,서울 중구 73로 65
59aae9d7-00f4-493a-bff4-37c5c4a48e15,최승현,Female,23,2000-06-20,대전 강남구 50로 59
5fe1a5c5-fe09-40c7-b2be-bc2387fb1005,최예진,Male,64,1959-07-15,대전 강동구 70로 75
da721814-e835-4437-a799-5e01ef319f26,조하은,Male,10,2013-03-11,경주 강북구 64로 29
e579c713-4bdc-490c-9ceb-82447f4a0644,조승현,Male,51,1972-12-22,대전 강동구 34길 75
3fcc8744-aec0-47d6-a57f-c20ca484c8c8,김예지,Female,22,2001-02-07,제주 서구 2길 49
d0536fcd-cba0-4354-8dc8-f57c1a2ac6e1,조서준,Male,59,1964-09-26,대구 강동구 22길 12
96648edd-4373-4a69-b4ba-1ae974d1cdc7,김준영,Female,67,1956-07-10,대전 강북구 38길 86
a51c981e-75ee-4a95-9440-02f45f7ffef6,최예지,Male,48,1975-11-20,경주 서구 17로 69
d1bea130-504f-4773-86e9-7f22d01d27d9,이서준,Female,58,1965-04-22,대구 중구 17로 67
1c7461a2-9654-436a-9bf7-7a923aa7967e,강은지,Male,52,1971-11-01,제주 중구 18길 66
844aebfe-a224-4b9f-ba26-ca2ee3fc640d,윤서준,Female,27,1996-05-20,제주 중구 90길 50
bc293de0-fa7e-41a8-a9bc-bbaba955b5e6,최서준,Male,12,2011-05-05,대전 남구 56로 19
93c47241-bb93-48b5-936a-0e80dea04c20,이승현,Male,19,2004-03-28,인천 북구 74로 23
7d36853e-a97b-4443-a1af-508bba2d82d6,김서준,Male,45,1978-09-12,광주 강서구 80로 26
aed2f5a8-613a-4f92-8f68-cd71718d8dc5,최예진,Male,64,1959-05-05,경주 강남구 37로 41
bbce0c74-b559-4dbf-b1ce-88d8813ee14b,장예지,Male,61,1962-12-14,대전 강동구 91길 29
aad80a65-e58e-4331-ba41-e6427ed98564,조예진,Male,23,2000-08-28,인천 북구 46길 83
9991d083-130f-46d8-8dd0-0c22dfeb8645,최은지,Female,23,2000-06-12,대구 강북구 85길 1
5bddf688-a4dd-4b77-b21d-3380122fd69d,이서준,Male,46,1977-11-22,경주 강서구 38길 76
d2b62a4f-d926-4e8f-b788-435ef05e8f62,김승현,Male,64,1959-06-25,경주 강남구 95로 46
df124a99-719a-428c-9ec4-b289514136b5,조준영,Male,17,2006-03-08,광주 강남구 54길 28
9f02872a-87c9-4134-8ce0-28937244a564,장서준,Female,64,1959-02-02,대구 강남구 73로 64
dfe99f82-e796-4eab-8fb2-2d9e4711a269,윤하은,Female,12,2011-06-26,대구 강동구 98로 33
ebeb7d90-8bf6-4435-a2ca-b7387679d7d1,이은지,Male,20,2003-02-04,서울 중구 53로 38
59d8d853-2870-4c78-b564-a4eecff32a28,강서준,Female,13,2010-08-16,대구 강서구 81로 88
51f7ea2c-930e-45b9-aef3-72e3c6774079,김서준,Male,63,1960-05-22,경주 강서구 2로 0
fd1a58fe-6d93-4de4-8892-5d887c3c38d9,김서준,Female,34,1989-03-07,대전 서구 7로 18
1e0e7c86-b7fc-4a47-b4ec-1a7bd846780e,최하은,Female,13,2010-12-21,부산 강남구 11로 76
f7d397f0-4329-4032-9fd2-dadcb5f812ea,윤서준,Male,50,1973-06-01,경주 중구 14길 22
f6812f35-326a-469a-bfa8-e32b58b56a19,윤승현,Male,42,1981-09-23,서울 북구 10길 69
afb82cbb-4c0f-4ecd-9012-62dabee5c902,조서준,Female,13,2010-11-12,광주 남구 91로 85
3b4956c1-5749-4303-a220-5772ad4f7d6a,조준영,Male,47,1976-06-09,경주 중구 22길 30
447baf81-f3e5-4ed3-8a20-29d74b000dfc,강예지,Male,46,1977-07-07,경주 강동구 15로 82
c21520f6-a37b-4a85-a5c0-91fd270c707f,최서준,Male,16,2007-07-24,경주 강서구 19로 80
52560057-ad59-4924-9a05-edf883978f74,이서준,Female,50,1973-12-01,서울 강동구 82로 66
41660316-7887-41d1-8af0-cba37d4b6b2c,이준영,Male,68,1955-05-07,대구 강동구 13길 16
6fe9fdeb-3712-4657-b354-dbe7db2c7e6f,윤서준,Female,24,1999-12-03,광주 강북구 92로 22
b75e137d-ce72-454b-ba2f-c6cc9fea6366,이하은,Male,59,1964-01-27,제주 북구 91길 70
8f1ad56a-3557-4a43-acde-6e9ff846415d,이은지,Female,53,1970-01-12,인천 강동구 80길 93
e5132573-c844-4fe1-9c10-65b59f66f0be,윤은지,Male,19,2004-09-01,대전 강서구 43로 96
b0af49b9-e4ae-49a1-9312-ab8a6080fdaa,김승현,Female,41,1982-05-19,광주 중구 34로 32
aca97445-506b-44a5-b74a-9d56d38de853,이준영,Male,56,1967-11-23,대전 서구 98로 21
9b27ceb0-a9fb-4f97-9edd-47dc3a432934,최준영,Female,24,1999-08-20,제주 강동구 96로 5
cf48a1d2-ac53-4e9b-ac1c-46e9e0bf9d61,윤예지,Female,66,1957-01-07,경주 강남구 5길 61
a246e693-2377-4998-b1b4-6d23b5f32b4d,최서준,Female,61,1962-08-04,인천 남구 96로 61
edeea32a-c1fa-455f-9d3e-37b7beaa0194,이서준,Male,12,2011-04-08,서울 강북구 73로 1
fc5ebdd2-2d79-4400-a3dc-75e834131bfa,강승현,Male,46,1977-04-23,서울 강서구 23로 55
b9b5f664-2f36-4049-8c9e-e5b2cda43ded,최예지,Female,60,1963-12-22,서울 강동구 2길 48
1e0b92a9-2902-43c5-bc4b-c54c2f804493,장준영,Female,38,1985-03-15,경주 서구 75로 25
f2804128-7a8d-4ed8-b431-dbe4bd699d46,김은지,Female,24,1999-06-06,광주 북구 56로 63
50b62afd-c253-4ddb-9996-bfb147a73a79,조승현,Female,48,1975-03-08,서울 북구 72로 62
c4174881-0473-4f33-9997-6bbabacfd7e9,최하은,Male,53,1970-10-21,광주 강남구 27길 20
4ce44cf1-e9e3-4d4c-93ea-c71dafae7ec9,김은지,Female,57,1966-06-04,인천 강남구 65길 97
573b1dd8-8219-4618-94f9-0bd84855fe21,윤예지,Female,49,1974-06-21,서울 중구 89길 39
31d492d6-f2e9-40b3-8d62-e0224a6b6bdc,윤예지,Female,12,2011-11-01,대전 강동구 62로 44
d27c5459-2842-44b2-b431-d8478a8b0130,조서준,Female,35,1988-07-22,경주 중구 19로 50
4cec5c20-0cd5-4d05-a604-606249c5a02a,조하은,Male,23,2000-04-09,인천 서구 96로 27
e9e9226d-e7ca-4b67-ab94-66b217716530,강준영,Male,54,1969-05-12,인천 강동구 1길 63
32143809-3a7a-419b-9883-31d73dc40576,조은지,Male,59,1964-04-05,광주 강북구 0로 62
95b85e3e-6325-49d6-aef1-168e9b49d12e,장준영,Female,18,2005-10-06,제주 강동구 67로 62
61bba2bf-c263-4477-a890-f14ffd6da23f,윤준영,Female,50,1973-10-10,경주 서구 13길 9
2ffa060f-c998-407f-bbcc-0646bf694ab6,최준영,Female,23,2000-02-05,서울 남구 69로 39
4cbe7fc0-86d1-4690-b5ea-a32e517d36eb,조은지,Female,15,2008-12-23,대구 강북구 72길 72
b80bb481-2681-42b3-86b1-0b461e7b40e4,장예진,Male,43,1980-07-17,대전 중구 49로 16
497e595d-41a3-4756-ad1a-4d6633e649d8,윤예지,Male,46,1977-01-02,경주 강서구 32길 47
08db7bdf-b454-4440-9c0c-e4007376c36f,조서준,Male,28,1995-01-25,광주 강북구 25로 66
78c59483-53b2-434e-8ab8-0c2077209ef2,이예지,Male,60,1963-09-01,제주 중구 3로 40
44a3d02a-72a5-4b51-a84d-8e282c18fe08,조승현,Female,18,2005-06-21,부산 강동구 50로 37
d24e64b6-a63b-4bc4-a7d5-539240849075,강은지,Male,36,1987-05-18,제주 남구 94로 4
f3f42347-c7fc-4de3-b959-ec3706c4733d,윤예진,Female,12,2011-11-05,경주 강동구 5로 59
5555c645-9411-41b8-92c2-d1406ec1cbc0,최승현,Female,64,1959-10-02,대구 강북구 20로 90
43c4341c-710e-46d8-bcc2-52763bbbf0ac,장예지,Female,44,1979-09-01,부산 남구 97로 63
8ab2e61c-8d8b-490f-8b80-32b2386a5867,김서준,Female,32,1991-10-08,제주 중구 60길 51
c7914942-43d1-4dac-bf25-60273b058db5,윤승현,Male,30,1993-10-06,대구 강동구 89로 63
aea512ab-c9fa-4e60-a35e-aa663b333c19,장은지,Male,46,1977-07-14,제주 중구 66로 64
0f455121-6908-446d-8e2a-389bb3b34489,이예지,Male,49,1974-11-22,대전 남구 31길 91
9ab2deb1-7366-4589-ac4b-2ae3e2141ec0,윤예진,Male,18,2005-11-23,대전 북구 10로 8
c603f9ce-887a-415e-8033-e7930720c80a,김예지,Female,21,2002-12-06,인천 강남구 54로 87
0017e696-fe81-4296-9ff0-eddc52596f56,최준영,Male,56,1967-11-18,광주 강서구 42길 65
c4cc4be5-6999-4291-9b6a-e792c29568df,김승현,Male,55,1968-02-19,대구 중구 5로 94
4a5d78ee-4e34-42da-840a-d770f6b0dc43,최서준,Female,19,2004-08-03,부산 강북구 40로 89
f311637e-fcc5-40b2-ac0e-a3352826ab0c,이서준,Female,56,1967-07-12,대구 북구 87로 53
5296dd1d-8811-4d32-ade2-5d88d0f6185e,강하은,Female,66,1957-10-16,인천 강남구 62길 73
26e368c1-d41f-438f-9d04-6363b2077c29,조예진,Male,69,1954-05-07,부산 남구 82로 61
372c633c-16f2-4b90-86ed-c832e097f5fc,김서준,Female,61,1962-09-28,서울 강북구 23길 22
073ca013-4a1a-45dc-bcc0-598a4f5cce37,윤서준,Male,47,1976-12-19,서울 남구 1길 43
22635721-d090-434e-91f1-6706d3b6aee6,조예진,Female,30,1993-09-16,서울 강동구 30로 10
dccd925b-5d1d-4048-a2eb-146eb02b29f3,강은지,Male,57,1966-12-14,제주 북구 13길 58
4e0e05a7-a0c5-4b95-beda-7ff208a53237,조하은,Male,14,2009-04-12,제주 중구 31길 85
da8b3f80-abf4-4e24-a47a-a108ed9467a6,강승현,Male,14,2009-05-27,대구 강북구 86길 64
0ce5166d-67de-4fa8-be68-26dab6becd1b,이준영,Male,47,1976-03-14,제주 서구 57길 96
cf756b44-1e44-4717-8427-ac4e0767d7f7,장은지,Male,10,2013-10-04,대전 강남구 2길 30
c605f5d2-0ae0-45e4-812a-c704477a3bfa,윤예지,Male,52,1971-06-22,경주 강동구 83길 22
17f78c87-5202-47f9-9a19-19213487784e,김예지,Male,15,2008-11-10,인천 북구 82로 62
0a0283ef-f9d2-43db-a051-5c58650d85f5,장예진,Male,42,1981-06-09,대전 강북구 39길 81
2d0c5872-c944-4015-bb9f-f4d07a9a3ecb,장예지,Female,43,1980-01-27,경주 강동구 33길 53
aa685dc2-9508-451a-9ddc-5d6577808668,최서준,Female,53,1970-02-28,서울 강북구 86로 69
e1632467-9e57-402b-8433-f18603065ba0,강승현,Male,28,1995-11-14,경주 북구 5길 60
2e7ffa82-ab82-4f14-b98b-72fb8c54eb15,윤예지,Female,29,1994-01-12,인천 강동구 9로 88
a9731576-6295-4e8c-8afa-57697ef1d58a,강서준,Male,43,1980-09-28,경주 강동구 58길 23
03c529e6-9b51-4351-8719-a117cf1d8bb7,최서준,Male,10,2013-03-28,인천 강남구 13길 13
dc4a1267-0351-4634-83fe-4afdf6f357a5,최준영,Female,12,2011-04-06,경주 남구 58길 76
60899de6-92d5-401d-aeec-bce5cdc59b47,윤승현,Female,34,1989-07-04,부산 강북구 89길 42
c61b0402-4a9e-440f-abe0-2ed8903e982f,조서준,Female,53,1970-10-15,부산 서구 65길 31
b67c5980-39cb-465b-ae7e-ddd80205983c,이승현,Male,21,2002-12-08,인천 강북구 86길 63
106edf28-c383-431f-beb3-f3814d0bdb0e,장은지,Male,44,1979-01-08,인천 북구 70로 41
bfb0b1af-b5bc-4214-9d08-c78dcf094acb,최예진,Male,61,1962-09-13,광주 중구 1길 37
e9354f44-bbae-4bdf-9f9e-d2c640c6e6a0,강승현,Female,46,1977-10-12,인천 강남구 84로 64
2ab45e2c-3c25-4f3f-bece-2858d8d7df1b,장서준,Male,15,2008-12-25,인천 중구 14길 39
b330f540-f726-4662-a8bc-4c8942585130,장준영,Male,42,1981-07-01,인천 강서구 96길 80
f84f83a1-3b05-421c-bed6-7e14e2534f08,강은지,Female,63,1960-08-21,제주 북구 46로 2
aa67eef5-782d-4e26-a74a-6af9a62711a5,윤예진,Female,66,1957-04-16,대전 강서구 27길 93
1b0af0cf-99b0-4996-8e8f-68af2877cedf,김예진,Male,30,1993-10-26,경주 서구 21로 60
6ab18246-90cb-482c-87e1-c33203e53d02,윤은지,Male,28,1995-12-08,부산 강북구 7로 17
1acb142c-d9c6-4cc2-bab6-7a4e99af66ee,윤은지,Male,59,1964-09-20,부산 강동구 98로 4
a3d221c5-f25d-478e-ab2a-3430822fc5e0,윤은지,Female,35,1988-12-04,제주 남구 16길 49
fbf5300e-3f8c-4ea5-a70d-552a6f9f3fd0,이예진,Female,37,1986-06-27,광주 남구 70로 95
5b628f09-574e-4834-aa03-b22549ac190b,윤예진,Male,65,1958-12-11,대전 강남구 53로 61
d9fc38f2-5b7a-4129-9855-5523de1e94ab,조준영,Female,55,1968-07-07,대전 남구 16로 78
f286a725-4eff-4288-8d89-88eda5b1b57e,강예진,Male,34,1989-10-28,광주 강남구 49로 53
0c19d322-3303-45aa-b043-7e91c7ae9cf0,강승현,Female,68,1955-01-11,광주 강남구 0로 14
42217fbe-94cd-48be-b38b-d6a807fe53de,장하은,Male,32,1991-11-22,서울 강동구 30길 96
2949f5db-8619-4532-a71c-77f60f1c044c,윤서준,Female,33,1990-08-23,부산 남구 63로 70
906444e6-d594-4092-95e2-5644bd1aa795,최승현,Male,69,1954-05-05,경주 북구 60길 30
4235fd25-e746-48e5-b65b-99d96fcf666d,김예진,Female,53,1970-05-09,경주 강동구 71로 67
e52143a4-96a6-41fd-bc05-d3943bd13f31,강서준,Female,40,1983-11-05,제주 강서구 12로 78
37256a64-4bda-410f-b3a5-2a98af7e6703,윤예진,Male,59,1964-11-04,대전 서구 91로 79
4b22c79b-c4c6-46ff-9431-de7b28165a9d,조서준,Male,58,1965-07-10,경주 강북구 23길 0
8db96a62-a7d4-475d-b36c-92c0cc2c76bf,장예지,Female,12,2011-02-22,경주 강서구 79길 99
68e91951-601b-4b1c-876a-6e575098365e,이준영,Male,27,1996-04-24,인천 남구 76길 91
55921aa0-f726-47c3-8e94-a57bc3805521,강하은,Male,18,2005-02-28,광주 강동구 75로 67
2022aafa-2490-49dc-83e7-60d9619c7e38,김승현,Female,10,2013-08-16,서울 강서구 9로 51
ca2c0a18-85d3-4095-a871-5644df8a36c1,조은지,Male,34,1989-04-15,대전 강서구 9길 70
63794bcf-254f-4428-be70-07fe3f734223,최은지,Female,66,1957-12-17,대전 강북구 59로 52
a2df83e9-d6a6-4a46-90bb-dbac7f08fd20,장준영,Male,18,2005-08-21,서울 강북구 66로 53
94ba9a09-4989-4be1-8e96-52a5244ef952,윤준영,Female,50,1973-06-20,부산 서구 42로 99
187bde72-401a-484b-981f-05b92550d489,이준영,Male,45,1978-06-23,인천 강서구 35로 83
1ecdb044-9aac-4426-bb00-0c5827617c5c,조서준,Female,68,1955-07-28,부산 북구 9로 88
d667805a-0444-474e-b2c6-5a7a58b7ae0b,강서준,Female,40,1983-11-13,인천 서구 97길 10
7c6e9654-48e4-472c-8f22-9fc6a78eb19f,윤예진,Male,14,2009-02-06,광주 서구 40길 94
6a892ea4-8203-4cd3-af5e-d9848c8db2f1,강예지,Female,37,1986-05-12,서울 서구 6로 59
d826175a-6430-4ff0-ba68-3dbc46dad2dc,윤은지,Male,37,1986-04-17,광주 남구 85로 98
407c16a1-df1c-4233-9626-063aa68597c0,장예진,Female,58,1965-03-05,부산 서구 68길 28
369b7dc6-fa44-42ea-b789-89c4b71ccd44,김서준,Male,56,1967-12-07,부산 강동구 43로 54
d86ec945-5de0-4a55-a763-fede3ee5261e,윤은지,Male,20,2003-06-14,인천 강북구 82길 57
1b55aece-18b9-45a4-ab44-9dc71ab61a74,장하은,Female,60,1963-06-09,인천 북구 16로 24
d07d416c-c0df-4e79-9746-b3380165e7d3,조은지,Male,60,1963-05-14,경주 남구 73로 19
3065d680-4739-4608-910a-b6792ddea9f1,이서준,Female,10,2013-02-18,부산 중구 77로 48
46923e1e-7d28-4c7e-ae3f-549cf0fbc3b7,장하은,Male,40,1983-01-21,광주 강동구 40길 77
7297bd17-da89-4339-8112-a10a0ffa9579,최서준,Male,67,1956-12-08,경주 서구 97로 19
52d6b8ce-479e-42d5-aed3-72cf845236f2,강서준,Female,12,2011-05-17,광주 남구 10로 6
3eb46a40-3a1d-4cc6-9e1c-001bd8cf17d8,김하은,Female,58,1965-05-04,인천 북구 13길 31
b25c27be-f9b7-4afb-90f3-853726161a2a,윤서준,Male,45,1978-02-14,인천 강남구 51로 13
00b8f3b1-c4ca-4ad7-88ca-58eeb4856a41,김은지,Female,44,1979-10-08,경주 강북구 38길 26
472e9e95-6551-4314-be52-7d40dd6b23ff,강예지,Female,34,1989-11-18,부산 남구 79길 90
aa177077-511d-4ffd-90ff-b3d35cedb315,최예진,Male,66,1957-11-19,광주 강동구 15로 56
8660fc10-83b6-4d9c-95a5-7cbadc0b96bb,윤예지,Female,33,1990-02-07,제주 강북구 60로 27
e67e3327-bd94-4ce2-967a-5a0fd1c033cd,이승현,Male,69,1954-02-19,서울 북구 84로 52
82cb461b-f228-4b8a-bbe7-e7d10bb17ce4,강서준,Female,59,1964-09-03,대구 강동구 69로 79
42d99412-1ef5-4b6d-ae20-9bc6fd30f181,최승현,Male,20,2003-01-19,대구 강동구 79길 56
9d47a758-3d36-47bb-ab79-7953864363b3,장준영,Male,34,1989-07-17,인천 강남구 45로 54
4f188064-4b11-4cf3-a3c4-97ac77033147,장승현,Male,68,1955-07-02,부산 강서구 68길 50
6b805e4a-d32e-4422-bc9f-2a8684163344,윤서준,Female,52,1971-01-25,대구 강남구 11로 78
7bd0a69f-c7a7-47d4-8245-d192196742c1,조은지,Male,33,1990-07-06,경주 서구 71길 30
64296eae-e4cc-4b38-babc-97db95b982e8,조하은,Female,25,1998-01-04,인천 서구 77로 59
6163a675-06a4-46ac-bb09-490640eea816,윤예지,Female,30,1993-11-14,부산 강서구 97로 23
b7066549-94b7-4c08-ab6e-9c7f5cf9e5c2,강서준,Male,61,1962-08-27,광주 서구 71로 60
aa8f67a2-edaa-4dec-a844-5bf2f95f478c,장서준,Male,35,1988-04-19,대전 중구 44로 57
8ab00a2d-1cc3-48a4-ad86-0330984d3616,조승현,Male,33,1990-07-09,인천 강동구 43길 38
fa9f046b-b09d-46ec-905b-b89225be931e,강승현,Female,14,2009-06-25,대전 강동구 27로 90
7e0f4677-ba49-48a9-9bfe-5aba8e4911a4,윤서준,Female,56,1967-05-24,경주 남구 28로 66
b847330b-22dd-4134-9334-88d795612c7f,강예진,Female,32,1991-09-11,대전 강서구 69로 17
5e807aee-2a63-45a4-b561-b59a3dd36c7c,장은지,Male,49,1974-05-09,광주 서구 58로 54
a72024d5-b8c4-46c2-9acb-1f7258e512f8,윤하은,Male,59,1964-01-12,광주 남구 30로 22
87cd87b9-8273-4869-b899-aebc4d42713d,강예진,Male,26,1997-03-28,부산 강서구 1길 90
d913d67c-45ec-43db-831c-24e24f222fad,조은지,Male,46,1977-04-08,광주 중구 8길 20
782913ae-6a51-4bc3-8696-1689abf4b621,최예진,Female,39,1984-12-08,경주 남구 48로 6
dff843b6-0578-46a3-a6ff-d60de5cf70db,최서준,Female,11,2012-10-07,서울 강동구 99로 68
7e90c1de-0ba3-40f6-9467-5f3ac0e8a85c,이준영,Female,34,1989-06-25,대구 강북구 71로 55
659bcb3d-af8b-42f0-8993-986f417ced84,조예진,Female,61,1962-06-07,광주 중구 90로 8
7e2ce8e1-7728-4902-9119-0340f0b7edc1,윤준영,Female,18,2005-08-25,대전 강동구 91길 48
c93114e2-eba6-49eb-89d6-2aa320f5706a,최예진,Female,28,1995-02-25,인천 북구 59길 22
cc4d241f-0bf2-4a3c-9fa6-25ecef93c547,윤서준,Male,27,1996-11-15,대전 남구 59로 32
53eb4e93-8735-44db-bc91-b19a495add6e,윤서준,Female,19,2004-09-26,대전 중구 23로 18
32fd2c51-a7ff-4486-b040-b0075d067d69,이준영,Female,43,1980-03-27,경주 남구 31로 20
7fe1bc01-90c6-4536-b596-5b9dfc5c507b,이하은,Female,16,2007-08-04,부산 강남구 96로 48
87a4b7ea-a2df-4c18-b21c-bb335319e2be,김서준,Female,65,1958-05-25,광주 강서구 86로 59
aff00374-ee57-4de1-823f-f8ef08b6eed7,최승현,Male,66,1957-07-06,경주 강북구 89로 4
ca55b481-bb9f-411b-b628-ee47bc4fd3e9,김준영,Male,10,2013-01-26,인천 강서구 41로 26
562360a7-447e-42eb-9c64-af5b94bbd59f,강서준,Male,60,1963-03-08,서울 남구 75로 23
8921aab8-dea4-428c-8c12-a31bfbe85511,윤은지,Male,29,1994-02-01,인천 강남구 37길 73
41f2e9cd-5739-41be-801a-3c53f51ed3d0,김은지,Male,38,1985-11-03,대전 강동구 87로 33
e13aac0d-22bc-47b1-8c3c-dbd0031b3ed9,김서준,Male,22,2001-09-12,경주 중구 9길 21
4eaa4835-85e4-45b6-a598-e410584378d7,윤준영,Male,14,2009-08-18,제주 남구 27로 4
84b3a1c8-49af-4184-9051-8f21b6fe28e0,이하은,Male,29,1994-09-04,광주 남구 88로 94
7e7a4cd8-9ed7-42cc-b194-abb5e64273a5,최예진,Female,68,1955-01-01,제주 강남구 24길 5
a2435ada-bfad-4e6a-94e5-5401aa0cc2f5,김서준,Female,32,1991-09-19,인천 중구 42길 97
2b7fbeb0-ad6a-40bb-b61d-e03fd316ab04,강예진,Female,52,1971-04-16,서울 강북구 66로 6
0f2c67b4-7251-4e12-b1e8-0d9a5d45a13e,윤서준,Male,64,1959-12-02,서울 강동구 29로 11
3ef6ffbc-a1e0-4818-8105-f48a5fb89bbe,이서준,Female,24,1999-01-07,제주 남구 53로 75
b8961edc-4272-4535-b8cf-fd07165964fc,김승현,Male,18,2005-07-18,서울 서구 64로 82
c2b89c81-09cd-4116-a917-081daca6e611,강예지,Male,64,1959-01-13,대전 남구 21로 2
91f07f2e-1ea7-4d58-be18-87840456c9e5,김하은,Male,55,1968-07-12,광주 강북구 71로 77
2867a295-72c7-4123-a07f-ffba9758b07c,최예지,Male,10,2013-01-08,부산 서구 65로 86
427b3a7f-ea5c-49ff-b548-95f72760ed58,조예지,Male,48,1975-07-01,인천 중구 21로 40
2b4dd615-e39b-4288-8734-13c44a69561f,최예지,Female,68,1955-01-11,대구 강북구 21로 11
5f8fea24-bc0c-4b22-95a3-980713cf1d12,조예지,Male,58,1965-04-14,인천 남구 0길 57
c3950b9e-6cf0-401f-b4b0-5118ae0384ab,조서준,Female,15,2008-10-02,경주 강남구 19로 47
4d2d5f4c-b524-4d1b-8c2a-f46689f7bd48,장예진,Male,24,1999-03-20,제주 중구 44로 57
50a45e0b-ea0d-4058-9849-44eaebbab799,조서준,Male,11,2012-08-09,대전 강서구 62로 51
3dffe538-19e8-475c-8045-303e6a9e612e,이하은,Male,33,1990-03-17,대전 중구 43로 52
b3315566-72d5-4bf2-b25a-d385d22411c5,조하은,Female,50,1973-08-03,경주 서구 14길 60
177a02f4-24c8-4364-b534-16b79b2468f2,김승현,Male,55,1968-10-03,서울 중구 50로 24
61255c35-d069-482e-a206-0c4c7132cbed,이은지,Male,62,1961-06-14,대구 북구 95로 26
e88730c8-74c1-4d75-a7ce-2ee9941ba00e,이예지,Male,31,1992-01-25,광주 강서구 73로 0
2ad4b3e8-a589-476e-a063-ed7a0a394433,윤예진,Male,45,1978-02-06,대전 북구 48길 65
4eb0f857-ebfb-4d97-b86c-8dfe35f01fcc,김서준,Female,63,1960-05-05,인천 서구 46길 44
09d8c682-b0ef-46ae-b624-2e9cfc615dd4,윤예진,Male,42,1981-03-02,대전 강북구 61길 89
1533d13b-29c1-45e1-81f1-7f19604eff51,김은지,Female,27,1996-08-25,경주 강동구 69길 64
0239a772-9959-40f6-b7fa-bca5af2cbeda,윤은지,Male,37,1986-06-25,광주 중구 98길 0
38fa7dcb-094d-4c66-8df7-8db26e03c105,윤은지,Female,33,1990-01-13,부산 강북구 62로 98
c8e216dc-4710-4bbd-905a-bd0526f23546,김예지,Female,37,1986-03-08,부산 남구 45길 6
7193b330-7ad2-4ea9-ad20-5321d161fd4b,이서준,Female,10,2013-11-10,부산 강동구 64길 16
543aa04a-5b90-4efc-b1d7-06d0ecc6314d,조승현,Female,12,2011-05-22,제주 북구 3길 85
bbd38c6d-70a9-4488-be1a-5a82a62a6944,장하은,Female,32,1991-03-11,경주 강서구 28로 87
5b5c4194-1b76-4a89-b22b-f10e5efab4f1,최준영,Female,51,1972-07-25,서울 북구 64길 98
4a40a955-8713-4909-b5db-dcad293533cb,이하은,Male,36,1987-02-14,경주 강남구 42로 42
d5d3ab40-0ecf-4908-8fe2-52ecdfd5df2f,김준영,Male,33,1990-07-07,제주 남구 20길 27
7b0825c8-65b0-46c3-9fdb-c372c0fb32e1,이준영,Male,45,1978-10-01,부산 남구 96길 16
d46d67de-2001-4f99-b8e6-7b9294222ae6,조은지,Female,48,1975-06-16,부산 강남구 75로 91
37a5fbd4-2bef-4dd5-ab96-8236d4f3e3d6,이예진,Female,57,1966-12-12,부산 남구 39로 95
437d86ff-44cb-4ab4-bedd-a84cbebcf4c2,장하은,Female,38,1985-07-27,대구 강서구 94로 81
66637770-5f97-4999-a233-624204680586,강예진,Female,63,1960-10-23,인천 강서구 74로 44
4cf73f86-2973-445e-a109-ef6000ef586b,조준영,Female,59,1964-10-16,광주 강남구 69길 17
71496717-1e17-423f-bcdc-7a2d53f68716,강서준,Male,21,2002-01-24,부산 중구 72로 23
5d4b808c-7dfe-4e13-babe-7e792d243ba1,장서준,Female,12,2011-06-15,인천 강서구 83로 73
281b4e6a-f991-4e01-af82-778903fb73a2,강서준,Female,59,1964-10-10,제주 강서구 79길 43
c8119945-d3b9-49c7-bf36-1b9a01313699,이하은,Female,60,1963-03-16,경주 강서구 73로 81
65313493-95b0-47fd-9420-2c8bc9f6d27c,윤예지,Male,49,1974-09-09,제주 강북구 16로 6
fe9789bc-62e8-4060-a2d7-1e85a0238aac,장승현,Male,68,1955-02-02,서울 강동구 17로 28
ab2ff26f-841c-4102-ab8a-1a4d7484a8d9,강예지,Female,42,1981-01-15,경주 중구 0로 47
8378df82-1521-488f-aebc-b35123fa9b0b,강승현,Female,65,1958-04-24,광주 강남구 9로 14
30803869-3fc4-4b51-b7ab-b896f18e8bf6,윤서준,Male,51,1972-09-06,대구 남구 52로 1
b9cc0bc9-d2f2-4f3a-83dc-a885804f252f,이승현,Female,34,1989-02-23,부산 남구 18길 33
214553a6-40b9-4c00-850c-48e0818202f8,이서준,Male,68,1955-06-14,대전 서구 70로 26
5af42d9e-1724-42d2-b0ed-b849a66ba2f5,조하은,Male,55,1968-09-02,인천 강남구 69로 65
5ab8ce36-609a-4970-8e1c-87de3bc5727f,장승현,Male,56,1967-01-06,광주 북구 33로 5
322cb01d-8cc5-4765-85b0-e8432a4b63e2,최승현,Male,57,1966-08-05,경주 중구 90길 8
eea89a83-cfc2-486a-8260-071aba9198e7,이하은,Female,61,1962-06-06,서울 강남구 86로 1
232dd507-7fe8-41e2-9b3b-309c99c64b63,강승현,Male,52,1971-11-09,서울 북구 60로 33
90ada233-01ac-42d2-a4a2-c982adf51203,이서준,Male,25,1998-10-17,서울 서구 57로 53
10d38907-1ccd-489f-b7ec-505984a99175,조예지,Female,66,1957-10-07,광주 남구 25길 22
e10bcf65-f64d-4b5f-8239-827be8b337de,강예진,Male,69,1954-03-24,서울 북구 93길 41
09de959e-3177-44b7-81f9-ed40b2518e41,이하은,Male,56,1967-07-07,대전 서구 2길 81
39f20b64-d04f-4fa0-a093-a7e437566955,장서준,Male,33,1990-02-13,광주 강북구 98로 57
cd259495-9a1b-4288-a46c-8c8b32df6220,강예지,Female,56,1967-12-06,서울 강북구 36로 14
d8abe751-c509-40fc-9486-4dfa7a664c33,김서준,Female,35,1988-10-16,대전 강동구 32길 49
f4c2c820-8d4b-4eff-88ba-36abea205da9,이은지,Female,30,1993-12-26,대구 강북구 1길 46
c61dceef-72b2-488b-8b9d-c09aecd93302,조예지,Male,47,1976-12-02,경주 강동구 31로 85
ffffb70a-14e4-4157-8301-35e55fbc2176,김승현,Male,48,1975-05-09,인천 강서구 99로 60
3b3536d9-960d-4b2f-a0b6-43bb97f9c14a,장서준,Female,26,1997-04-26,부산 강서구 57로 55
35671098-1196-4c28-afa0-3637c2ffba1e,김예지,Female,67,1956-03-12,대구 강북구 83길 7
5b53f854-b6a5-4310-b59b-10bc942e12e3,윤승현,Female,19,2004-06-21,인천 강남구 51길 76
ac593a0e-997e-4b67-83b4-297f6498143a,장하은,Male,65,1958-04-13,서울 강남구 93로 97
d0a29180-8335-442a-83d9-8bc13e8d36ce,강예진,Male,17,2006-01-27,인천 강서구 39로 44
509a2fed-88b4-4b75-bd3e-9a2d9ea94d66,최하은,Female,67,1956-01-10,대구 강서구 37로 7
992cf1fd-7353-4861-87af-66b68fd146eb,최승현,Male,38,1985-01-16,부산 남구 18길 34
93cec8f0-4bc8-41a8-9b51-f167b1fb49d4,장준영,Female,16,2007-05-22,광주 서구 23길 52
3583b1fa-1f35-4f09-b1ae-8037d8c54e47,최예지,Male,47,1976-01-02,제주 강북구 6로 76
4c896753-288c-4d38-8d0a-c05609f68484,최은지,Male,69,1954-12-24,대전 강남구 26로 24
a307c6ad-a632-4191-b8f4-a1ae03ca7529,이은지,Male,43,1980-06-08,부산 강서구 1길 71
ba91b601-8c9e-46cb-99c6-279b3e7ff2a4,윤예진,Female,65,1958-03-24,대전 강동구 20길 49
c79b87b4-b181-4a74-a0ae-babcdc948b6f,강은지,Female,12,2011-04-17,광주 북구 8길 95
7096256d-04f9-4a90-a91a-facb0ffe55d2,김하은,Male,10,2013-11-11,부산 강북구 19길 73
ded19e8a-65f6-4173-9dab-2189915895fb,이은지,Male,45,1978-12-07,인천 남구 98로 45
089abf3a-51de-4d06-ba63-8a2eb31cd113,조예지,Male,20,2003-06-08,경주 강동구 13길 31
8447781f-fd84-4a77-a597-af6d0c669d9c,윤은지,Male,62,1961-05-28,경주 남구 35로 90
c76d8c5c-2341-4ab8-b934-8988f3f75308,조예진,Male,16,2007-10-09,대전 남구 82로 21
b16eef62-dc3d-464b-9e1f-92706944fd18,조준영,Female,54,1969-10-20,대구 강남구 42길 89
0188a9ae-65a3-4fbe-805e-3924f06b8ef7,장서준,Female,16,2007-09-13,제주 강북구 21길 42
3ebc5221-bbc3-457b-af22-8a651b96cf93,이서준,Female,56,1967-12-08,광주 강북구 74로 35
d35be55d-c515-4648-b9a1-c6635787cc5b,강서준,Female,38,1985-10-18,경주 강서구 90로 22
3a7fa240-3965-482b-bbec-4facd7fcd038,김서준,Female,54,1969-04-17,경주 서구 43로 56
324e8d9c-0f7a-4ff0-98fc-ae6bc8edfad7,이서준,Male,65,1958-09-20,대구 북구 12로 24
71e3d2d3-43f2-4fcd-84b1-addf457851b6,장은지,Male,65,1958-08-09,경주 강서구 6길 94
6f8d518d-45e8-4036-84b6-cb2183e526e2,장준영,Female,40,1983-01-10,제주 강동구 91로 44
9c237e3b-df4b-4062-ab75-063d85d0ef16,장서준,Male,46,1977-03-23,대구 남구 38길 84
ff911f3b-8605-4ba7-aa38-2a1a1ac3375a,이은지,Female,34,1989-09-21,대구 강북구 97로 46
57d5ae56-b3db-4ffc-8ae7-6b3c9ae89bb0,김서준,Female,62,1961-04-11,서울 중구 61길 19
110d5a02-00b9-4faf-990d-ebda78701185,최은지,Male,65,1958-04-22,대전 강서구 39로 8
0b8dabe1-cb92-4071-823f-36f14048d0e3,최서준,Male,68,1955-02-28,부산 서구 14길 90
85bf4cb7-15b2-49b4-9161-7a02e45f2165,장하은,Male,45,1978-07-13,대구 중구 8길 98
b0390738-d667-4d3e-8607-de0837370ec0,김예지,Female,34,1989-06-15,서울 중구 12로 33
5d9275b9-7249-4da8-ae31-6925be5fa7ab,최서준,Female,64,1959-10-10,대구 남구 92로 88
6a98e5cf-a0c8-4f39-a11f-ea783223368e,강예지,Male,52,1971-02-07,대전 강남구 11로 93
6fd82799-366a-4695-92bb-4f3c6c3beb41,조하은,Male,10,2013-09-14,대전 강동구 81길 12
a5111ba7-1ecc-4ec7-b5af-4da271c29b50,이예진,Male,15,2008-11-14,인천 강서구 97길 77
e80d2365-7218-45f0-9a75-3acaa2845671,김예진,Male,11,2012-06-12,대구 강북구 94로 69
077e8f47-09fb-4707-bcb9-8c9bc6017920,강예진,Female,28,1995-09-21,부산 남구 41로 1
5b9135f5-8ca9-4eb7-b02b-84e33e080080,강서준,Female,65,1958-02-15,인천 강남구 53길 36
b9386b24-c3b5-4caa-a5ec-204a4c7c0b56,강예진,Female,42,1981-02-23,광주 강북구 7로 67
4d149f2e-36d1-4132-88c0-d35ac85e590a,김은지,Female,47,1976-02-03,서울 강서구 67길 80
6394afa9-71b1-4d94-97f9-d7ef848e5f29,강서준,Male,21,2002-01-24,인천 강동구 71길 12
89bddca2-09c4-4f68-b654-75eade66f4cc,윤준영,Female,44,1979-09-20,대구 강남구 99로 9
7c5935bb-15e8-454e-8b05-eab689887e08,장예지,Female,43,1980-08-02,대전 중구 48로 17
ba5c13ef-4c4e-4b3f-b0b1-bf76a3ccc32b,최준영,Male,39,1984-09-11,제주 중구 71길 51
7ec95ae7-e2d3-4317-bdf6-0355fade034d,장예진,Male,25,1998-04-17,광주 중구 81로 12
521b80ad-247e-412c-aa1f-057ff9e88c43,최은지,Female,62,1961-06-01,대전 강북구 58길 41
c437b302-82a6-468a-9684-8b5ed9bacaeb,김서준,Female,37,1986-01-28,인천 강동구 38길 57
211018fc-a5bd-4325-bace-6d5aedec4ae7,장승현,Male,66,1957-07-27,대구 중구 35길 67
80233719-bb4c-49f0-bb1b-5c020d7f4e42,윤승현,Male,33,1990-06-13,제주 강동구 43길 94
ef82d98d-2157-4b6d-b3c2-03b4e8d8c3c7,조은지,Male,67,1956-08-10,대구 서구 70로 79
5cfe5746-5241-45e7-8a1d-4dc1ab5aaaf1,장서준,Female,46,1977-06-21,부산 강북구 14길 62
4e758647-9bc0-4f35-8b7a-0d692905e1e6,최준영,Female,43,1980-09-15,광주 북구 67로 53
d4179d39-5973-4fdc-a86c-1ccd77656f10,김준영,Female,63,1960-05-12,인천 강북구 29길 27
b72cdbe4-612c-47eb-8802-2f888700948f,윤서준,Male,46,1977-07-20,대전 서구 61길 34
93a64b87-7576-4ea4-a778-f23434632c29,이승현,Male,27,1996-12-15,제주 북구 3로 21
2936a721-b963-4b20-81d2-dec9455ed2e3,장예진,Male,22,2001-07-26,대전 중구 29로 13
ed3416b0-80d9-47df-8861-4bed11f242a1,최서준,Male,61,1962-01-25,인천 강남구 52로 66
49f29e1c-f1f5-4703-b79f-2dda7dc06cd7,윤예진,Male,13,2010-06-27,대전 남구 66길 80
31cc4973-02fd-4481-88d5-110dbf45d712,이예진,Male,64,1959-03-23,부산 중구 96길 40
f90c92c0-8142-4732-8aff-6e15972064fe,윤승현,Female,69,1954-11-24,서울 중구 13길 65
decfcb14-5a53-44bb-8ba8-4b5642735a94,강하은,Female,45,1978-09-05,서울 강북구 93로 54
2b6df91d-1190-47ab-847f-0a4db46f1c0b,장은지,Female,45,1978-08-27,광주 강동구 39길 84
6d36a872-3cca-4135-9cce-5d6bc8805c65,장서준,Male,51,1972-09-02,서울 강서구 14로 47
4fd13fff-cb52-4172-a292-888957d84e71,이준영,Male,43,1980-09-04,경주 남구 42로 28
b1c108e6-5900-475b-8ba4-50fc4de63531,조하은,Male,39,1984-02-22,경주 강북구 59로 67
24f6d9e0-66ed-41cf-822b-fb76ad2fc70e,김서준,Male,30,1993-06-17,대전 북구 56길 32
0bd3f911-5d7e-4e2c-bb24-ace4de2b9966,이예진,Female,31,1992-08-23,제주 남구 49길 51
6c34c467-5916-49cf-a416-73c910712ed5,강준영,Male,14,2009-07-28,대구 강남구 81로 3
4404fcf3-4508-4cd0-9644-73486504a968,최예지,Male,22,2001-08-08,경주 북구 68로 71
bc980389-f61e-4562-ba35-84526d96d79a,강은지,Male,27,1996-07-07,제주 강남구 79로 76
df0b414e-5bbf-4af1-a142-993fa1b89a9c,강하은,Male,34,1989-11-09,대전 강서구 98로 82
6a021f32-14bb-4d92-90a9-fc600cb4cc18,윤서준,Female,68,1955-11-25,경주 남구 7길 23
42f27636-afd1-464e-95df-fec146837b37,조예지,Female,38,1985-05-26,대구 강북구 42로 84
a069775d-d273-4053-bfd9-9a10d55a9838,김서준,Male,10,2013-11-15,제주 중구 86로 27
b4642064-1f75-4b21-9ddf-97c2d3846b3c,최예진,Female,51,1972-03-08,대구 서구 40길 82
12ca5413-4790-493b-82fd-f15f59326ed8,강승현,Female,41,1982-01-02,대전 강남구 67길 3
dcf3755f-7f41-47a1-ba18-f91123b4e76c,장예진,Female,43,1980-10-04,대구 중구 73로 78
bd68c1de-ba57-4b8b-b820-4800a52e2a3d,조예진,Male,67,1956-09-04,부산 서구 1길 35
bf6e0cd3-6c73-4b31-a266-c43507b0a8ad,조준영,Female,36,1987-07-01,경주 서구 23길 13
833fbabf-009a-428a-ad49-6443815896fb,최예진,Male,36,1987-02-15,광주 강서구 20길 58
8c7fbc9a-83ec-4e49-95af-6ff358a1cdb2,조서준,Female,42,1981-04-04,서울 강북구 67길 28
550a3173-e30a-4679-b83c-d573aa34c348,장은지,Female,19,2004-07-17,광주 강북구 39길 21
2e236d84-2ed6-4ee1-9838-6476f804d03f,김예지,Female,62,1961-03-10,부산 강서구 15로 85
3f327607-48e2-4744-8a2d-50c35d541d92,조준영,Male,46,1977-02-22,인천 중구 77로 69
6e5cf512-d502-4bbb-8f91-056d9b11bf2e,강승현,Male,27,1996-09-12,제주 강동구 33길 77
b25dc2bf-2c3e-44b1-82d5-a0d25b4b2b71,이예진,Female,60,1963-02-26,대구 서구 69길 15
5f90b061-c909-46f2-822a-c5c090879a06,최예진,Female,35,1988-07-27,제주 북구 73길 12
4a763469-6df0-4dfa-a2b4-61473f94367e,조하은,Female,31,1992-11-24,부산 북구 47길 33
4e1b6318-ced1-4abd-8d5d-77588486f830,장은지,Female,34,1989-02-22,대전 북구 68로 1
a05f4993-a129-4f4b-adfc-565facfc90ea,윤승현,Female,37,1986-05-03,대전 강남구 59로 14
ce043ba1-5900-4d04-bdb0-8144e25ed2a2,윤승현,Male,46,1977-07-21,대전 북구 28길 97
260aebc5-ef92-4c0a-9882-c6630203a93d,최준영,Male,12,2011-10-02,경주 강서구 40길 88
b16a7a02-c399-41f4-84a5-7001b1995322,장승현,Female,60,1963-11-14,경주 강서구 52길 58
274d54e4-3d7f-4273-9e4b-c019f498dba4,강은지,Female,32,1991-04-20,인천 강북구 91길 16
70650985-4e69-499b-9b43-10ab78563d13,윤은지,Male,44,1979-09-07,대구 강동구 9길 12
4d35d3d7-1bae-465d-a915-846803d34c12,강서준,Male,69,1954-06-20,대전 강북구 77길 19
26d083b0-c3d6-4ba1-9add-4f4d165c5a88,최예지,Female,13,2010-03-14,서울 강북구 55로 22
5d678425-b083-4a99-93f4-18cb4fe10390,장서준,Male,68,1955-08-21,인천 강동구 83길 83
a988f1e5-96b5-42eb-b44e-e32fcc1d754b,이서준,Male,29,1994-07-08,경주 강북구 60로 77
07a8a11c-e513-4884-9a65-3d827e435e80,김준영,Female,23,2000-11-01,광주 서구 93길 2
611e2d6a-2d47-4274-b47b-7705c2c04d0f,김하은,Female,59,1964-07-24,대전 중구 74로 44
f414f647-86d2-4b2a-8ea9-d55df6862edd,윤서준,Male,51,1972-06-28,서울 강동구 61로 29
ec055b29-8a98-4846-9bde-71acb94926fa,최은지,Female,29,1994-01-07,대전 강동구 64로 74
f92fb3d6-6ea4-4e8c-9595-31ccc1281af1,조은지,Male,30,1993-05-06,제주 강동구 99로 24
01578bfc-ae4c-47e2-a3c9-39593e8b0f3e,조서준,Male,57,1966-02-19,서울 남구 43로 39
590e3a03-5908-4bca-8203-b39a24c5bd11,윤은지,Female,45,1978-01-28,대전 강서구 51로 88
2b84d9d3-35b5-42ed-b381-f3a877d19b0f,이예지,Male,53,1970-05-10,경주 강서구 93로 89
ed0a7deb-d8ae-4f42-82d9-0d6ea54a8fec,김준영,Male,28,1995-11-22,대전 서구 31로 75
e41f7cc8-7890-4e1f-aed2-bb21408c19c2,최하은,Male,22,2001-06-25,인천 강서구 13로 65
7c3a3d65-ce02-413b-95ce-520d4b364c8d,윤승현,Female,12,2011-07-19,서울 북구 84길 37
144c918f-a4d1-4678-aba1-efecb87f2732,조예진,Male,13,2010-05-27,서울 북구 3로 50
c4e6e855-09c8-4f30-8e09-30ac5ae32897,강서준,Female,21,2002-04-06,광주 강남구 68로 66
62d7042c-0f10-461b-ad59-b48ee5dc18b7,최예지,Male,52,1971-01-25,경주 북구 87로 96
c48ef12c-be36-4c1e-9426-3908107226c0,윤예지,Female,23,2000-05-27,부산 중구 29길 51
1f00af66-d685-4706-bc03-f25db6f6a8b2,이은지,Female,22,2001-11-14,인천 남구 68길 1
280e082c-74cc-40d6-949d-1646fbbca3ed,장하은,Female,67,1956-07-24,대전 강남구 65길 77
d792cdb0-3a26-4eec-9ba6-c764c2a9edf0,최승현,Female,65,1958-05-13,서울 강서구 3로 87
a220578e-a2b3-4159-afa9-84f4a191f046,김준영,Female,67,1956-04-19,인천 남구 49길 19
3b88cbc7-95bb-4d96-ab1e-e3c82a005162,강하은,Male,63,1960-09-13,제주 강서구 42로 76
2d8ea3a4-5948-44e8-bb7d-6eb0f2ef4a85,조서준,Female,24,1999-08-14,경주 강동구 31로 16
3b045b1e-a1e2-4931-9afb-b03b4fc727d7,조승현,Male,55,1968-02-22,광주 남구 70로 65
f0f1291c-9789-48ad-9cb2-f736dcc444c4,이승현,Female,33,1990-05-28,대구 강서구 8로 74
4df40e16-11d3-4a9e-9059-a671a8facba2,강예지,Female,67,1956-11-27,대구 중구 60로 47
802857b2-112b-48f9-b839-7e1754dcf25d,윤은지,Female,69,1954-02-18,인천 북구 41로 27
e80a3f59-bdb0-4613-80b0-e02b19e939d0,장준영,Female,21,2002-04-26,부산 중구 22로 40
3e2a8d93-12ab-479f-aea6-31d792f16a86,최예지,Female,53,1970-12-11,대구 북구 89로 83
14031cec-21a8-4422-bed5-c6515a670f24,강은지,Male,15,2008-01-11,제주 남구 77길 15
43099422-9a72-4e78-8e92-ee607f37574b,최서준,Male,29,1994-04-10,대전 강북구 19로 54
46290054-a4af-4ac9-9a72-df8ad7f0a216,조서준,Female,25,1998-01-09,부산 서구 70길 6
196a03ca-fd1a-407c-8e63-29cbdd0859a3,장예지,Female,21,2002-02-01,부산 강남구 66로 92
10f11567-0304-447a-80d9-6afe3a00e55f,조서준,Male,60,1963-05-14,대구 강동구 19로 96
bac64236-1f02-4db3-a7db-5243a025d106,윤서준,Female,63,1960-09-22,대구 강북구 28길 65
d6e3a1ee-7c12-473a-b0cd-a3f3769f8dc1,이예지,Female,64,1959-06-12,서울 중구 21길 69
9d8f7b5d-8884-4515-9401-ec5c822b8b55,최준영,Male,20,2003-04-12,대전 강남구 62로 68
8b8f0ed4-4556-45c0-acdd-fd9efaafec05,이준영,Female,43,1980-12-16,부산 강남구 7로 85
30bdb613-faf0-4cd6-979e-c8e1205a04e0,윤은지,Female,10,2013-02-05,제주 강북구 26로 6
c6fc78d7-3112-41e3-9011-bf10686cacd1,이하은,Female,25,1998-12-07,대구 북구 53길 96
8e4d8ab8-3be5-4947-b457-64c01bd81d8c,강하은,Male,58,1965-08-10,부산 강서구 92길 37
8e9365b5-0f8a-4939-9a07-9cda862ec71b,강예지,Male,44,1979-04-27,인천 중구 39로 31
aba8dda5-df37-4dda-a2b2-931c3c251ae2,윤예지,Female,40,1983-03-25,대전 강남구 8길 51
d4478a78-6f29-4941-9afd-3d233bf0007d,이예진,Male,20,2003-12-11,대구 남구 58로 57
03ecb59c-1ff2-496c-a40a-0432a0dd4483,조은지,Male,15,2008-03-04,인천 강동구 56로 22
0b0f7131-67bc-4708-b0b2-660449902e49,강준영,Male,62,1961-09-18,인천 남구 40로 30
cca3c6f4-eb04-4e24-90da-cd26fe029e06,조서준,Male,18,2005-07-25,부산 강동구 95로 27
005e5c22-9fe0-489e-8650-3186d0d5f012,이예지,Male,65,1958-11-22,부산 강남구 94로 96
163b3abf-d651-4ca0-a379-f7baa1d67536,장준영,Female,62,1961-04-11,광주 강서구 99길 69
e62be0ef-f6af-4e4d-80bb-51fae5ab3b40,조준영,Female,23,2000-08-13,인천 서구 13로 33
52cb7465-cfb8-4711-8f96-26b89d6dfc8f,이은지,Female,49,1974-09-26,인천 강남구 78로 90
b7dde010-f7be-49b9-902d-a4d3163957cd,이서준,Female,12,2011-12-27,대구 강동구 82로 5
a634198c-007e-44da-af22-418d3ead9837,최예진,Female,69,1954-12-09,대전 남구 11로 34
838d3876-0c39-453c-8fad-2b180c5d9111,조승현,Female,64,1959-01-16,경주 서구 90길 3
0d27e04e-f4fe-476d-8a4b-98d0f096e3c4,최서준,Male,44,1979-11-20,대구 남구 27로 14
5bb0b8f4-6e19-4937-ad72-a0a5142fa848,조준영,Female,65,1958-11-07,부산 중구 88로 29
5300a396-7f5f-42e6-923c-e695d0ae720b,이승현,Male,37,1986-07-10,광주 서구 38로 23
1c4790a2-91f3-4294-a0a4-61077e531835,조서준,Female,65,1958-09-13,광주 강동구 9로 62
49bcace6-a76d-4d73-94a9-0b3986683800,조서준,Male,32,1991-02-19,부산 강북구 60로 78
d3e8cd69-547c-4e0c-b6fe-14999a0ac777,김서준,Female,68,1955-02-01,서울 중구 54길 18
b3ae3b1d-bf0e-412f-9014-c0799aa004cb,최예진,Female,65,1958-11-12,제주 강동구 71길 87
4cb36f77-223b-4b6e-813a-7096cb6e8908,최승현,Female,27,1996-11-27,대구 강서구 39로 0
99839904-6143-4e54-9f19-a5d1bb992a44,최서준,Female,59,1964-02-09,인천 북구 0길 66
9dfc6509-c594-434d-aa31-964ace727c2d,강준영,Female,53,1970-08-17,부산 강서구 34로 96
45d04c28-5bd4-4eeb-93c6-9f2f79706892,조은지,Male,55,1968-06-21,대전 강남구 55길 37
7dc1e5d4-3ca7-44e8-a57e-7a666fa861ca,이서준,Male,10,2013-09-01,부산 강서구 81길 50
4a187f82-4c6d-4241-bc66-cb02607d8990,이은지,Male,29,1994-09-21,광주 남구 60길 92
d629f97c-5460-4eb4-b749-1311b24da439,강은지,Female,48,1975-04-10,대구 강서구 56길 18
ed3560da-707b-4e46-ba8b-37960286ea5c,윤서준,Male,17,2006-03-19,대구 강동구 11길 0
4355df36-235e-441a-9f98-67711403104d,조하은,Female,32,1991-05-01,부산 중구 56길 56
4bc8daa0-e4db-4437-beef-d9425454292d,최은지,Female,26,1997-08-04,대전 중구 15길 15
d587d5e7-1e51-4e2c-b5a2-14f9c2b1ba0f,김예지,Female,29,1994-07-11,경주 강북구 12로 87
4a5a3d28-58ab-472b-a843-078c2844e63d,김서준,Male,11,2012-04-25,경주 북구 72길 1
a39b3433-f134-4791-9633-3f02d0c05b3e,김승현,Female,63,1960-05-12,인천 강서구 26로 97
86f5e64c-fbdf-4eaa-9d7f-69c415c544d8,조준영,Female,22,2001-06-06,대전 남구 98로 1
81911cb1-0278-45a2-a0f8-61c2198900f1,김하은,Female,47,1976-01-22,경주 강동구 75로 23
b55e5f53-ef68-484e-b346-4e12347efc20,조은지,Female,42,1981-07-26,제주 강서구 17길 55
342a815f-e239-44e2-84ef-9b2889f50cdc,장서준,Female,54,1969-06-07,서울 북구 25길 86
c3edcd1f-69c0-48db-b456-7b639db8003f,장예진,Male,13,2010-10-28,제주 강서구 42길 7
4190271a-d937-4464-9ac4-a84b8cd55331,이준영,Male,14,2009-01-26,서울 중구 82로 3
e18a4bf8-8de0-4cbe-93c5-fd9fbd7f98f2,윤예진,Female,66,1957-07-02,인천 강동구 57길 75
9a247906-64f3-4988-8f6c-d7295854ba3e,최예지,Female,29,1994-01-23,대구 중구 65로 18
a5cf34fb-3838-4243-a527-6aa47b724056,김준영,Male,19,2004-07-17,광주 강서구 54길 88
84f4c091-4870-4306-8e2d-aed409037eb1,장서준,Female,43,1980-06-25,부산 강북구 73길 55
3e3c71e9-cfcc-4246-a1d9-8defbeeda8a5,조승현,Female,62,1961-01-20,제주 북구 90길 11
fdbc6cd3-f16d-4aa1-a0a7-3a99f5a3d8d3,이서준,Male,22,2001-09-15,대전 강남구 75로 46
8c6a2cc4-50b8-4619-aa97-fac3aab41ec9,이예진,Female,49,1974-11-20,대구 강서구 16로 92
ceaae684-db0d-4c3b-80eb-1378b021e790,강서준,Male,61,1962-12-28,광주 강서구 73로 22
54a8f2ed-220d-483e-9eca-14305751cefc,조하은,Male,53,1970-07-28,경주 강서구 69길 44
945f8af5-73d6-43ee-b09c-08100db463ee,이하은,Female,32,1991-01-26,대구 중구 47로 23
ceb2f53a-568b-4e2d-8b2c-b612b40b38fd,조준영,Male,58,1965-08-08,서울 강남구 79로 94
6aa5dafc-d09d-4107-9699-00f3a8fd2ee3,장승현,Female,60,1963-05-10,대전 중구 8로 36
2d61faae-2219-4e65-8654-2b0cffafebc8,강은지,Male,31,1992-01-18,광주 중구 82길 16
09cd888d-c9ce-4192-a3e2-463b2ea391de,최서준,Male,57,1966-03-26,부산 강남구 94길 50
c8fed7e3-ea8f-4714-855a-06553b4997f7,최준영,Male,54,1969-03-04,대구 강남구 62길 73
e13b1562-d041-4a0b-8189-c9f854018cff,윤승현,Male,65,1958-11-02,서울 서구 50길 31
29ab7374-53db-46dd-a405-2366ea29e510,강서준,Male,59,1964-08-02,광주 강북구 75길 2
3179659a-5b7d-44a8-b22b-f3c1bb1faf72,윤서준,Male,19,2004-09-05,경주 강남구 59길 47
9426c52d-2e81-4217-9e75-4ba11242e51d,장준영,Female,48,1975-04-19,제주 강동구 0길 45
07df3840-1a8b-46d3-abcb-059d78caad15,강하은,Female,42,1981-08-22,제주 북구 81로 11
48e874ea-f666-4164-8945-40d45f833d49,김서준,Female,60,1963-09-19,인천 남구 97로 45
87e7c158-fa67-424d-828e-fb1516877524,김하은,Male,27,1996-07-04,대구 서구 96길 61
c87db572-3a7f-4a62-bdc5-93c270bdb056,이서준,Male,18,2005-05-19,대전 남구 84로 39
e54b652a-4248-4592-acee-2aad2aaa2cde,김서준,Male,28,1995-04-04,경주 강남구 0로 64
b0acb2d4-2136-47ed-8fac-dec7e10ce380,김서준,Male,41,1982-05-19,인천 북구 23길 67
bd67880b-ed1c-4135-820b-a7a16b1c9137,윤준영,Female,68,1955-11-09,부산 남구 95로 5
2c489e0e-4d97-4ccd-82c2-d8e15a9b2cac,김하은,Female,30,1993-06-28,대전 남구 87길 18
72676336-7165-49ed-a27d-d211085ae596,이하은,Male,58,1965-03-25,인천 중구 95길 17
b57b74bf-6653-4edd-ad66-7b5d29019b18,강예지,Female,43,1980-05-13,부산 강동구 42로 42
4a70adf4-59a5-41b2-a775-b2e71a927e69,강서준,Male,46,1977-04-25,부산 강동구 50로 58
b8c43526-0150-47ce-951a-e8d9ed2a7adc,이준영,Male,14,2009-05-13,광주 서구 94로 38
c1935e34-eca3-4393-83fb-9513d52341e1,최승현,Female,38,1985-11-09,인천 강서구 23길 84
80c8f3d4-1839-47fb-a883-32a55faa41ec,김서준,Female,20,2003-05-28,광주 강서구 95로 96
a945e0d8-ab4a-4d51-bb69-5a7ca097fe31,장하은,Female,23,2000-10-07,제주 강동구 66길 29
3c8d7551-54b5-47fc-a7e2-f96cc84f15bc,이서준,Female,68,1955-03-20,인천 중구 59길 56
afcbce8d-8c39-40b8-8cc7-6913e13f0143,최서준,Male,52,1971-06-24,부산 강남구 32로 89
57e9d2bf-fdfa-4475-bfe9-edda90ca5db4,김승현,Female,30,1993-07-26,대전 강서구 61길 47
6ba071ea-7ffc-4fd8-a780-2ecda6b8c8c6,강서준,Male,47,1976-10-17,경주 강동구 85로 15
493dbde1-42f1-45b4-bcf1-2a4d50ec23f7,최예진,Female,38,1985-04-22,경주 강동구 9로 78
99b4d2f3-18cf-4b55-bf9c-0a4efe9e02fd,윤서준,Female,30,1993-10-13,인천 강북구 68로 23
9c305f99-a7c5-4890-99af-f3907d31e189,최승현,Male,53,1970-01-07,대전 서구 23길 31
e19ec239-a17f-4cbf-846a-6fa3c181697f,윤은지,Female,11,2012-11-09,대구 중구 22길 44
45ed9440-c856-4e53-bd54-39348f679726,강승현,Male,36,1987-05-11,경주 강북구 60로 7
772aaff9-f526-4c6f-ae62-6e9641d5d040,장승현,Female,46,1977-02-13,인천 강북구 10길 56
5b2c902e-d30d-4d29-ac23-d609c831e0b6,강서준,Female,36,1987-04-19,광주 강남구 54길 45
ae47760c-14be-4749-b206-eb1500a8dd1f,김준영,Female,65,1958-02-24,서울 서구 41길 65
7f0c3480-da65-47b9-bbe5-130e6c3d3897,김승현,Male,30,1993-10-28,인천 중구 72로 32
cafb6f00-29cb-4cca-baa6-a4e5731b2472,이승현,Male,29,1994-09-28,대구 강남구 23길 85
debc869d-9829-4760-8452-3acb6f1e06c2,조승현,Female,14,2009-12-13,부산 북구 30로 8
683d3d37-a04f-466e-981d-3089370d6729,최하은,Male,42,1981-02-28,경주 서구 62로 49
63ae3b2b-23f2-4ddc-a8e6-f5a294153463,김은지,Female,24,1999-01-06,서울 서구 90길 74
55ba6fd0-ae68-49ac-b5c8-5a55410230c5,김서준,Male,26,1997-10-02,대구 서구 50길 70
1102be96-3dce-4f56-837d-5a93b26088f9,강준영,Male,26,1997-07-11,인천 강남구 48길 18
1ec163b1-6b57-4f0a-a70c-5fdd27f26ae8,김서준,Male,50,1973-12-03,대구 북구 17길 30
a22a52fe-5788-49f1-9340-5ab4c1a3522a,최서준,Female,51,1972-05-22,경주 서구 12로 33
040b7abf-2af0-44d3-a6da-3d0ab4a854f0,윤서준,Male,19,2004-02-20,서울 강동구 12길 24
f48a508d-1c24-4861-b2b3-dfe87c24c5a7,최준영,Male,54,1969-08-09,서울 중구 71로 75
6bf49442-89c2-413e-b0c9-deb0422b0225,최서준,Female,32,1991-08-24,서울 강동구 84로 4
9c1e3698-2b98-4fe7-9446-9313c2a789e6,강예지,Female,20,2003-09-22,경주 강서구 49로 76
f5a7e806-2572-4eec-8f03-08a99d97b948,강예진,Male,29,1994-06-06,부산 강북구 41로 0
7f241ddf-6c25-48bc-9955-232b48bc0046,이은지,Male,66,1957-09-28,광주 강남구 78길 71
0b0aa9ae-b016-40d5-abe6-2f75466c0f9c,강서준,Female,16,2007-10-02,대전 북구 56길 32
fedc4c1e-7398-498e-aaf1-20ea37125f4f,장서준,Female,10,2013-07-17,경주 강남구 92길 91
feb758e3-3e8a-48bf-8525-ed94ed723a1b,강서준,Male,51,1972-05-28,경주 강북구 4길 44
d8f05ac4-2864-442a-b974-6df245086add,강예진,Male,58,1965-05-28,경주 강북구 56길 63
7af3d579-6c11-4705-9d32-ed29b4a92072,김은지,Male,61,1962-12-14,대전 남구 14길 37
0f0c723e-29ab-4ede-9a80-b9d1d2993af1,조은지,Male,52,1971-01-08,광주 남구 66로 11
922031b0-976e-4b14-9197-c161c8c18890,강승현,Male,44,1979-07-09,서울 남구 70로 13
4c6cd22c-7ce8-4cf1-ad7e-ce8c20595de7,최서준,Female,46,1977-10-26,제주 강북구 95로 25
4aa5220c-d5c5-4fb4-8cfe-e62b6b1f949c,장예지,Female,29,1994-11-20,대구 강서구 93로 12
871fde6e-9f60-4d5f-8e7b-5f8e10870105,윤예진,Male,58,1965-04-11,서울 중구 28로 8
834b1344-9948-4c1b-8680-9a89cb33eca1,윤예진,Male,55,1968-05-06,서울 강북구 11길 75
184db984-f0c7-4651-b08d-c65a0b5d6050,장예진,Male,29,1994-10-19,대전 강동구 68로 57
2012d0a9-d433-4765-95da-64f85965ddde,최승현,Female,56,1967-07-26,인천 중구 29길 36
bbbefaf0-3370-487d-a11d-f668f8fe39c2,이예지,Female,23,2000-07-23,제주 북구 19로 73
efbe30e9-d33f-434d-ba4c-f2cc872158f9,조준영,Male,52,1971-09-28,대구 북구 28길 71
f4d527e3-b9e3-40ce-8d81-85e04f867559,이승현,Female,57,1966-06-12,경주 서구 11로 34
447acab6-8daf-434d-8773-8c5f14bbfa63,김하은,Male,52,1971-04-21,대구 강서구 71로 35
dccf92ed-5668-43e4-8c65-edd6563ed7b8,강은지,Male,53,1970-03-11,대구 강동구 83길 84
50d24309-25d4-494c-b8fe-8f18c1f098c8,조준영,Male,52,1971-09-07,서울 강동구 33로 51
daba38d5-1682-4ba2-adf1-c10098dfda42,윤은지,Female,53,1970-06-16,대전 중구 22길 84
7cbbfe8b-b616-493c-a71c-3b2d0427c0fd,강하은,Male,37,1986-01-25,부산 중구 1길 7
4bd474cf-334c-47f0-b4af-e2915e9d3b6f,이예지,Male,28,1995-02-06,제주 강서구 99길 57
bac57a49-e780-4228-ad33-7497a3d6824c,강예지,Male,29,1994-07-07,광주 강서구 97길 89
2e32402b-c2dc-4a7b-82e7-a4817374c4b8,조예지,Female,44,1979-08-10,경주 북구 70길 3
0c555595-5fff-424f-876b-02a51707b4b6,강예지,Male,39,1984-11-23,대전 남구 52길 91
cd30f6e9-6e59-42d5-8b38-628c4820152c,김예진,Male,16,2007-01-28,인천 북구 66길 73
34c37d83-25af-4b04-83bd-677640973a08,강서준,Female,53,1970-01-22,서울 강남구 77길 28
80137577-2766-4e5c-b2a7-057b910ca140,강서준,Male,25,1998-05-25,광주 강남구 79길 8
44586bbc-ac8f-486d-8553-57cc8caa303c,윤예지,Male,26,1997-08-02,경주 강서구 23로 64
9acfc725-16e5-4f6b-90cf-be2d3d74c1c3,윤서준,Male,62,1961-09-15,광주 중구 47길 5
616ba553-f0cf-4b62-8be9-5ed7f10e664f,이은지,Male,41,1982-11-15,대구 남구 43로 52
a578968d-515a-4ad6-9406-6c74f0d8ea76,조승현,Female,59,1964-12-27,인천 서구 16로 97
ebf1dcd4-3a90-4af8-8598-96ed492fff65,조서준,Female,17,2006-02-27,광주 강남구 76길 24
d3695dcd-7cba-402d-aaae-5e785deb8810,이하은,Female,52,1971-06-23,서울 강동구 62길 39
c63b4501-b14b-4292-8eb9-536408320149,최서준,Female,32,1991-08-11,제주 서구 38길 80
8fabd0e7-2fe1-4106-b844-28d7414ab2dd,최예진,Female,42,1981-03-22,부산 서구 58길 86
d28d80f0-ea30-4b68-845b-7a125a113ec7,강예지,Male,21,2002-10-06,제주 북구 1길 88
2842f37d-8fd0-4c3f-925a-446cd750eaea,최승현,Male,54,1969-07-02,대전 강북구 76로 0
a70aef1d-8b88-4cb1-a255-1f5a1c049fa1,최예지,Female,64,1959-02-26,제주 강남구 29길 27
d6cc2461-7100-4f50-a059-fcfd0839b987,장서준,Female,48,1975-03-25,대구 강동구 84길 63
0fee82f2-bd6b-48d8-9e2d-2a6544c7ab3f,김은지,Male,10,2013-07-01,서울 서구 36로 9
a2e09802-de35-4452-a22b-254a301f0d5f,강서준,Female,41,1982-06-16,경주 남구 30길 4
67195fb4-93ed-4102-ac60-7cbbdeca50ef,조예진,Female,50,1973-02-28,대전 강남구 31길 52
83d49a48-01a9-4ea2-9ac6-3d376bbe0b65,김준영,Male,34,1989-08-21,부산 남구 61길 90
291edbf9-9455-45c8-b321-be3448759d7e,최서준,Male,55,1968-07-26,서울 남구 44길 23
633cc0e2-2b14-43bd-a42e-b2d1201c83a6,윤준영,Female,35,1988-11-08,대전 남구 83길 13
2bfedfcb-3dff-4311-a4df-292188823a11,김은지,Male,15,2008-05-03,대전 서구 50길 60
1e4e7a93-c006-47db-83f6-ea24e32b9566,최예지,Female,34,1989-04-23,인천 강동구 41길 25
253542ba-8efd-458c-8f67-68dc403cea2f,최서준,Male,34,1989-08-24,경주 강북구 25로 82
052ae326-c5b2-4877-867a-31b591f4d75b,장예진,Male,51,1972-01-09,대전 북구 49길 8
d3421275-30e2-4a46-bc78-9ac949d5328a,최은지,Female,34,1989-12-21,부산 강남구 59로 81
f5134137-db7c-4a84-a6d5-6285fcd6919b,최예진,Female,32,1991-07-16,인천 서구 6길 2
e3187723-6cab-4d48-acfb-c6f0461a3165,이준영,Male,65,1958-03-02,대전 남구 24로 27
25c13fb6-9c09-4597-ba44-9528f4e552a0,장하은,Male,22,2001-01-18,대전 강남구 77길 77
d4559041-5074-4cce-8d0e-85c50986c70d,윤서준,Male,34,1989-06-10,광주 강북구 97로 87
42a7ec71-79f0-4a35-bfef-21249585b76f,김승현,Female,34,1989-09-01,인천 중구 5길 74
ab3b3b5e-6ad0-45d9-bf1b-c07f042b75e5,최예진,Female,50,1973-07-12,광주 강남구 70길 82
20c6c90e-b086-4628-9f64-a41e12b79356,윤서준,Male,60,1963-08-06,경주 강동구 22로 75
a6b7d81d-fed9-4d7a-b238-6c65a69ef933,이은지,Male,62,1961-02-02,대전 강서구 19로 29
6ab08da9-3315-4c25-9e11-968df443fe80,장예지,Male,29,1994-03-27,인천 북구 12길 79
6bce9cc9-676e-4b90-b63e-412523cdceee,김서준,Male,31,1992-04-13,인천 강남구 22로 11
939923c5-e5f5-4e2c-8432-aa4e4d9cef64,장승현,Male,60,1963-10-12,광주 강북구 0길 82
06833912-f2ac-4d9f-9492-d1570e42f257,윤예지,Male,51,1972-04-18,대구 강동구 45길 46
70535051-1fa4-4c12-84f4-713d8ba6ed9a,최은지,Male,28,1995-06-06,서울 강동구 46로 1
f0de58cd-20c6-4501-9dd4-0d27b79d7cc7,장하은,Male,48,1975-02-27,제주 강남구 40길 34
4e526335-7e6b-4b1c-ab1a-e42ab583a990,윤은지,Female,35,1988-01-28,서울 북구 66길 56
5c9c37d5-478b-428d-8e5e-563f173916f5,최승현,Male,62,1961-05-05,대구 강북구 25로 14
cb867860-9260-4820-9353-ac912006b1cd,김예지,Female,12,2011-08-13,광주 강남구 59로 41
2c4cd0b6-32ff-494e-8636-459d73de2e2d,김예지,Male,53,1970-09-23,제주 북구 39길 19
2383b92e-fb6e-4cc8-915b-e9b88a4073bb,장서준,Female,66,1957-10-12,대구 강동구 45로 3
ae1a0ba2-708c-4e19-b445-06e573e23fcd,강서준,Female,60,1963-05-28,광주 강동구 83로 45
eb28bf97-4eff-47cf-a988-ba29ea4bc1e1,조서준,Male,25,1998-11-24,제주 남구 96길 69
8dd1f10d-893d-4cd2-b733-d3fa043ec628,강예지,Male,50,1973-05-15,경주 강서구 87로 90
2ad95dbc-9f1a-462e-928f-4e9b7de3405a,조준영,Male,52,1971-01-24,제주 강동구 20로 82
8250ec88-d9ae-404e-a27c-6ed71e55ff5e,최승현,Female,32,1991-05-04,대전 강동구 51길 4
3e9bb8ed-37d9-432d-a164-16220c889058,강은지,Female,54,1969-07-06,제주 강동구 75로 31
41412148-0742-4c6b-8022-003fe2a42655,강예진,Male,11,2012-02-23,대전 강남구 39길 54
14540448-a0df-4e2c-a2dd-cf2d05d03bf9,조예진,Male,64,1959-03-06,제주 강동구 19로 34
11c44803-4594-49db-af98-d72accc20d54,조예진,Female,65,1958-01-25,제주 강북구 78로 32
e86e972a-a90b-45e5-9acf-41110fec9465,이서준,Male,23,2000-08-06,부산 서구 46길 82
86c07e12-a8a7-407e-92f5-a97231a9bc82,조서준,Male,45,1978-10-10,광주 강남구 98길 23
e093d230-07fe-4e81-aa27-45965c296965,장승현,Male,44,1979-09-02,부산 서구 54길 13
a797dc68-b137-458a-a27b-0b7358c1369d,윤은지,Female,21,2002-07-01,경주 강서구 56길 75
64336101-f272-47d0-8ce7-8fab544a633b,이준영,Female,59,1964-04-03,대전 강동구 27길 42
e8cbd85c-eb10-477f-8bbd-bce3045a8eb2,김준영,Male,34,1989-03-24,대전 북구 40길 80
5c337ff9-506c-4d29-92f2-f28b7a21f918,김예진,Female,35,1988-02-28,인천 강동구 50길 67
8f60cf25-c570-4fd7-9e7c-a4462c66b5d4,조승현,Female,12,2011-05-03,대구 남구 47로 73
ade779b5-3288-40af-b584-474a10755cd4,최서준,Female,67,1956-12-05,인천 북구 87길 62
d8cfad80-6520-4546-9b7f-ef7f0ec8ed67,최서준,Female,13,2010-01-18,경주 중구 52로 19
67f65966-ef31-4dd9-a5dc-19dd915c81c4,윤은지,Female,48,1975-10-25,대전 서구 24길 5
dc5536d1-1a8a-4c15-8cae-b236c1208d1a,윤서준,Male,39,1984-12-26,서울 남구 36로 52
f9fba46f-39a1-4330-b2ed-6e5ba0a22bfb,장승현,Female,68,1955-12-27,인천 중구 89로 55
8c5a190e-ef79-4524-902e-9fef1a21a54f,최서준,Male,38,1985-05-27,대구 서구 53로 99
ea0ec2ad-43b2-4201-80cf-b9aae3faebc5,윤은지,Female,12,2011-07-04,경주 서구 79로 59
c0d48ea8-60dd-48e9-b16a-e160a04c7eb9,이서준,Female,59,1964-12-26,서울 북구 24길 26
f6a4e746-6476-4a05-b6d2-6ecc6903a32c,이준영,Male,31,1992-12-01,광주 북구 36길 86
515eae7b-5e5b-4097-8c3a-cc4bcf7c2152,최하은,Female,63,1960-03-21,대전 중구 13로 46
4e1ca1c4-4b4a-465a-8af4-ffb598411be4,최서준,Female,18,2005-07-17,대구 남구 9길 72
603f537d-54cf-4877-9279-ab8689481c78,조승현,Male,49,1974-10-11,경주 남구 77길 73
ca1f4cfc-841e-4bfc-8b0e-db87972c0b4d,강서준,Male,11,2012-11-08,제주 강북구 67로 94
b94100a5-085b-4c1d-8c25-58e9423467cf,윤승현,Male,22,2001-10-08,대전 중구 5길 63
1a8a7b8f-7d74-49f7-9b86-0036258060aa,김은지,Male,16,2007-07-14,광주 강동구 11길 11
7b72e8ba-6958-4206-a1c8-35a7cc7b223c,장예진,Male,69,1954-12-06,광주 강서구 35로 75
2468621b-c105-42dd-a29f-0ed63cb17d79,조승현,Female,45,1978-08-08,광주 강서구 76로 81
a0b0551a-4a60-44af-a03a-00ccbe171590,장예진,Male,16,2007-05-19,서울 남구 12로 54
d8c5d777-a547-4794-8998-cf3a7c63b810,윤승현,Male,38,1985-03-23,서울 강서구 86길 69
9b56f0c9-504c-4779-9a55-47aba3f5abf1,조예지,Male,30,1993-11-03,경주 남구 25로 71
f46d9514-d704-46d4-b961-5725ac08f601,최하은,Female,59,1964-06-09,부산 강남구 50로 81
fc2265ac-7628-49d9-b372-edd424bab749,조서준,Male,58,1965-09-15,대전 서구 36로 31
441ab319-9074-4d12-8ed7-ab7f6a213fc8,최예진,Male,18,2005-12-05,대구 중구 88길 0
8bd476ac-44ec-47d8-bf78-d6b53dada495,강준영,Male,34,1989-11-25,부산 서구 38길 34
18236baf-fdc1-4814-ae4e-5549b6baf6d7,조예진,Male,54,1969-09-15,광주 강동구 27로 36
5394c418-f896-4c0b-b712-27f2a571ccfe,이서준,Male,29,1994-04-07,서울 강서구 24로 17
7ff42234-08fa-43d8-99e5-56ccfd23f830,김서준,Female,54,1969-05-19,부산 중구 78로 87
55efad82-25d7-42ec-86f8-f16538d32b5d,최예지,Male,66,1957-12-08,경주 중구 77길 25
aa694438-577b-486e-9459-7b77d956ad3f,이준영,Male,40,1983-04-06,경주 강남구 83로 47
089f9ca7-64dc-48a6-8c8e-21e55c6754be,김하은,Female,60,1963-06-28,인천 강동구 92로 36
4f51307e-c4f6-4502-ab3d-508da9be3d44,이예지,Female,53,1970-12-10,대구 강남구 48길 29
364fac30-adc5-4ec2-84c9-e576bb58366b,강준영,Female,49,1974-06-24,대구 강북구 38로 50
68e0cb33-c7cc-4d66-9794-a66f9c606014,이서준,Male,61,1962-08-07,제주 남구 24길 78
a2c0af89-971a-490a-848c-050ba1b82386,최은지,Female,29,1994-09-23,인천 강남구 43길 88
ffff0398-d332-4ad4-b8f0-40100ab65c85,강서준,Female,23,2000-08-04,서울 북구 37길 35
50fddf3d-0123-416e-b0bb-d720f9213ba3,조승현,Male,66,1957-07-09,광주 북구 5로 14
9225f1eb-a6b2-4eab-b771-e219f9b1834e,김예지,Male,17,2006-12-27,부산 북구 79로 19
32165ceb-3fc0-4fc2-8d71-2e801a3f918a,장예지,Female,31,1992-02-24,인천 남구 84로 56
d6b6df2b-1514-401d-b7fb-d3deeed4b3b0,김예지,Female,49,1974-01-16,대전 강동구 72로 94
90e4ba14-bb01-4c34-a435-b8e71fa36738,최준영,Female,56,1967-08-05,제주 북구 11로 35
e264f1e8-0d8c-42ed-9bfe-cd0c8489f1cd,이서준,Female,14,2009-12-16,부산 서구 31길 17
5d2e28f9-325e-4e01-a76b-b9330b0cd4a4,조승현,Male,13,2010-11-15,제주 남구 87로 66
fc34c743-75e1-43c1-a1c6-0e85ace613a4,이하은,Male,59,1964-03-08,인천 서구 38로 95
53609c88-2d71-4932-83b1-057b2e732903,장승현,Female,52,1971-12-27,광주 강북구 25로 59
3ea0d4bf-4f59-455c-95fd-70e8e59472e9,김예지,Female,45,1978-03-19,인천 강북구 63길 44
42802687-a5d6-4095-b01c-89952c53bdd2,강서준,Female,47,1976-06-02,광주 강남구 28길 37
65c5aeed-9efc-40f4-90c6-2da7677886ea,김하은,Male,38,1985-08-11,서울 북구 32로 27
5ea8d10e-1f3d-439a-b28b-4bfc70dd95b5,장예진,Male,20,2003-09-19,제주 중구 50길 85
9603f095-9a46-4355-b3a1-948de0f58d8c,윤하은,Female,10,2013-10-11,대전 남구 80길 41
3ebeb088-1bb7-4fd8-9c65-26466419bc2d,이예지,Male,33,1990-04-20,대구 강남구 84로 16
276d7a01-c367-41bf-afbb-3630b6d164b2,최서준,Male,47,1976-01-28,서울 강동구 55길 54
a228a833-e88f-49d5-a1aa-b14ef72b64d1,김예진,Female,62,1961-05-26,경주 강북구 66길 29
e44d5e3f-0029-46c9-a621-64a25e5bd0f4,이서준,Male,47,1976-07-25,제주 서구 61로 6
e43ffe08-6382-4ebf-892f-9df0f0c1a4bb,김은지,Male,56,1967-10-01,인천 남구 85로 68
6f16a969-eadf-42fc-bde4-e5aaa6a9c4be,최서준,Female,28,1995-06-20,부산 북구 94길 5
23969cb4-3f8f-40df-af33-8159840772f4,조예지,Male,26,1997-03-14,인천 남구 90로 66
7e5fba36-0390-4eac-b014-c2e9c9d0efe2,장은지,Male,39,1984-09-15,부산 강동구 14길 61
c9b160c8-9314-4604-b1e4-50c616b95744,윤예진,Female,22,2001-10-06,인천 강동구 79로 10
7dd41cd6-8488-4148-b51f-171ae675fced,최승현,Female,50,1973-12-02,인천 서구 33로 41
1432b5cf-2aa0-41d3-9222-e4da5c55ef60,강은지,Male,38,1985-04-03,광주 북구 39로 77
eb4054a9-bc13-4035-a0b1-7d36775a367c,강하은,Male,68,1955-05-16,부산 강북구 49길 14
bcceb930-5bdd-4cd6-9841-a132c09d8028,윤준영,Male,12,2011-04-15,대구 남구 28길 28
b47b7cf2-c3c6-4bea-bb53-3275efc690f6,이예지,Female,41,1982-08-15,인천 강남구 26로 79
66c2762c-f3cc-4a2e-aea6-2ef505ef2b70,강서준,Female,17,2006-05-03,인천 강동구 35길 96
f9bdba4f-fe8a-4191-b3b6-1aacbe803589,조예지,Male,46,1977-11-22,대전 서구 37로 48
5a977599-9c50-4c2d-9a03-0567dfd13e50,강하은,Female,24,1999-05-18,서울 강동구 94로 33
11365cb8-933d-4899-8813-9e7feeeebc26,조승현,Female,60,1963-06-07,대구 강동구 74로 4
a7678eec-24b5-47c5-9080-269ecafe9b2d,윤승현,Female,65,1958-02-12,서울 중구 63길 34
c9fed3ba-dfd8-4e07-bded-31560b4fc557,조서준,Female,14,2009-11-20,인천 북구 83로 16
9291da53-232d-4f75-82ef-c872b7702931,이예지,Male,51,1972-05-23,제주 남구 47로 27
c163225f-0c6d-479b-900d-e8d86d7143a1,최예진,Male,59,1964-03-05,대구 서구 54길 35
0fc86307-3551-4b1a-ba17-cfabad3d6736,강서준,Female,52,1971-07-05,광주 서구 74길 62
4d8ac401-232e-4cc4-9fd5-9adedc4997ad,이승현,Female,67,1956-12-05,대전 남구 50길 96
1eb2c880-c80f-435f-b9ca-27418a1aaf82,김서준,Female,38,1985-01-07,제주 강북구 32길 78
0da5b879-bdd6-4c55-8ea4-970395ad24d9,최승현,Male,34,1989-01-09,대구 서구 43로 76
367a4e0f-e41f-400a-a67f-d75e2c2a2eac,최서준,Female,41,1982-03-07,대전 강북구 26로 9
a151edf6-4ede-45f4-81fd-a3cf7f779414,윤예진,Male,65,1958-06-10,부산 강남구 44로 62
d78c8fef-6075-47a4-a9ba-f4dbb897c51e,장예진,Male,44,1979-05-22,인천 강남구 16길 20
5844b32f-79f5-4697-83d5-39abe34a1279,이은지,Female,44,1979-10-20,광주 북구 92로 89
c89273e3-2597-4903-994d-6d263359b84a,이하은,Female,20,2003-03-02,광주 강북구 12길 55
6256a76f-a520-4444-bbf1-33907c9aa61c,윤준영,Female,54,1969-10-24,대전 강북구 48로 59
39db35fd-7cf5-4860-ad31-938be111d9f1,최예지,Male,51,1972-05-05,인천 남구 60로 52
37cb1caf-9f0f-4bf9-bb22-fb3a5ad12783,윤하은,Male,11,2012-09-24,부산 강북구 17길 29
fd793692-5c01-4ac8-8af3-5fb42fa1e05d,김서준,Male,11,2012-08-25,제주 강북구 31길 40
136c57bd-0665-4f29-841c-a9a15c237721,윤승현,Male,36,1987-07-12,경주 북구 24로 78
f148b9ce-5ff6-4a62-b243-de1121b9ff86,최은지,Female,31,1992-03-01,부산 북구 14길 37
924fd0c6-e69d-4ca6-b7fa-03f5fdf47fbe,이서준,Female,12,2011-10-21,서울 강서구 45길 73
7652b08d-72c9-40cf-b5b4-1bd5cfd47075,최예진,Male,65,1958-06-06,대구 강남구 83길 90
d5751939-319f-45b3-bb9e-6fc58d80c706,윤예진,Male,40,1983-02-20,제주 강북구 10길 32
8a3c437e-1ace-4593-8e11-f0aedd77f0cc,윤준영,Male,38,1985-02-25,부산 중구 74로 11
e440a3ab-d7c1-4a8f-a46c-a2f50b8b2c9a,김은지,Female,62,1961-07-07,부산 강남구 73길 6
90aa2221-35a8-424f-8369-05318f547cb8,이예진,Female,69,1954-10-07,광주 남구 55로 20
99d01ffe-e249-42e7-9ebb-a2e30c3d737d,윤예진,Female,33,1990-06-19,경주 강남구 16로 8
7f8e409f-3122-40c7-b0c2-97b13b885b55,최예진,Female,31,1992-01-22,부산 강서구 29로 2
b381539a-54da-486e-9594-e5b097901178,강하은,Female,21,2002-01-10,대구 중구 45길 3
23219fe1-f50b-4b69-bd60-23680845e3bd,최은지,Male,32,1991-03-22,부산 강남구 16로 71
56328092-9502-4791-96ea-5c31982f1365,장서준,Female,34,1989-04-05,경주 중구 24로 86
6caf0a33-92d2-4032-892c-7fe43db71877,최준영,Male,60,1963-02-26,대구 서구 21길 22
0aa73245-c23e-4481-a705-12ff18bb67be,최예진,Female,36,1987-12-01,대구 서구 5로 89
daf4c07d-db5b-47b4-ac6d-328b5e68351d,윤서준,Male,27,1996-08-16,대구 중구 66로 82
3d8d4475-1542-44ab-bf44-04c9b121ab33,조서준,Male,33,1990-10-16,광주 강서구 42길 69
e5735623-fa09-4b43-84a0-d44c89c2e1aa,윤은지,Female,59,1964-09-09,부산 강동구 50로 18
b534be10-1129-4b23-9d1a-8fb408857e45,장예진,Male,57,1966-11-07,대전 남구 83로 7
5543ba59-5176-41f9-9103-46a8006ba4b3,최승현,Female,50,1973-10-12,인천 중구 52길 36
cc29d3f3-cb9d-4f34-b574-b765b0fce59d,강하은,Male,47,1976-05-20,제주 강남구 13길 72
558b4a92-d256-4f0f-942b-32524ab30b9e,윤서준,Female,19,2004-10-14,부산 강동구 78길 42
834b7b72-5e17-475a-a7b8-196ced105b00,윤예진,Female,55,1968-02-08,경주 강북구 78로 32
586c62eb-d0e8-4229-93ea-2bf95bfad6ef,윤준영,Male,31,1992-07-02,경주 북구 61길 75
453b1d8b-e8b3-42c4-b5bc-4ba73e29f87e,이하은,Female,24,1999-09-12,제주 서구 62길 16
f43be3dc-68b6-4cac-aac0-7a2c41215246,이하은,Female,18,2005-06-12,인천 강동구 19길 76
6d332eb2-fe2b-4307-acca-abea62bb731d,조예진,Male,12,2011-03-15,대전 중구 73길 20
14c2894e-2c20-439c-9897-39de6fc2c9ea,조예진,Female,60,1963-06-28,부산 서구 66길 37
c57b7b2f-affe-4f31-b109-7ff881b3b1dc,조예지,Female,60,1963-09-17,대전 북구 57길 15
ed7058ac-33c9-4944-9c61-304482f311ca,강은지,Male,18,2005-09-11,인천 중구 39길 9
000a9274-f959-46f8-9bc4-063e0080c0c6,윤하은,Female,32,1991-01-19,대전 강남구 16로 19
a8635732-8771-4918-b32f-be07393fa9f8,강예지,Male,68,1955-08-23,인천 북구 85로 75
c71d9307-2883-4edc-a33c-18e852b9611f,윤예진,Female,49,1974-11-08,경주 남구 25길 93
d344429f-ec5f-47bc-8d96-2d6fdda3b4a1,윤하은,Female,35,1988-04-04,광주 중구 3로 55
5e8574e7-5489-4bfa-bbfb-d96c1c813c67,이서준,Male,14,2009-01-23,인천 남구 70길 72
08b15967-3635-44d4-9190-2d623d760aac,최서준,Male,54,1969-02-06,경주 강북구 77길 52
73fdab30-ce6c-4ada-a52e-80555945f535,최준영,Female,36,1987-10-08,인천 서구 67로 82
1e2c778a-2f6c-45c2-95c9-19b79a5199f5,이승현,Male,58,1965-05-03,제주 서구 63로 62
2573d285-569e-40b3-b228-e1889a21f054,장예지,Female,61,1962-08-07,광주 강서구 25로 61
3bb0f282-afec-4206-9e14-2af1478a0e4b,최하은,Female,18,2005-10-22,인천 서구 14로 20
ff998930-0f99-4479-b78d-4b08ac6c00f2,김은지,Female,30,1993-06-26,광주 서구 37로 66
02825e40-285c-435e-bcf2-e11f4f8ed679,윤예진,Male,59,1964-02-13,인천 북구 29로 14
f0830340-fe50-4a61-b75d-57e0ebe769a7,윤하은,Male,66,1957-11-11,서울 중구 45길 43
a1d5f8a1-42d0-41ab-bc0b-117e56a09a92,최하은,Male,69,1954-11-04,광주 중구 96로 90
e9334500-a592-4a36-8380-0f50568cad50,장하은,Female,49,1974-07-19,서울 강서구 72길 34
2da18ac3-0375-4097-ba7d-acd8a373bc7d,윤하은,Female,50,1973-09-22,서울 강남구 13로 36
88100bf0-1222-4121-9e55-89bbde0b5258,강서준,Female,68,1955-07-25,대구 강북구 72길 30
de796494-8399-4d6e-b6f3-cb5f88976b5e,장예진,Female,24,1999-02-01,대구 서구 5로 68
1513caff-cb40-40f1-a084-c49d56bae92f,이승현,Male,63,1960-08-15,서울 강서구 21길 68
fe126a79-a04e-4d4f-b16c-cd330ecefbb3,이서준,Female,45,1978-10-25,대전 강서구 24로 49
3cddaf62-f8ba-4a42-8ae9-a46ed0c5e98d,윤준영,Female,50,1973-03-11,인천 서구 78로 28
feade0bd-de73-4e89-ad9a-dbd05218cf35,김승현,Male,50,1973-11-28,부산 강동구 26길 67
015ed8aa-c530-4337-a9a0-3d48c1aa3ef0,조하은,Female,65,1958-11-10,부산 남구 79길 89
46a2991c-3959-44dc-8f49-18e81ac65a89,이은지,Female,39,1984-08-02,대구 강동구 32길 48
8b58ce95-0f7d-47fc-9488-c3d43d6e17f8,강예진,Male,29,1994-12-17,인천 강서구 86길 87
a5707502-ccb2-4da3-87e8-9d784546d594,최예진,Male,59,1964-11-08,인천 강남구 60길 84
a2621921-6a9f-42a1-ad9c-49444d33e3a8,최예지,Male,53,1970-10-10,경주 강북구 15로 66
15b0ed60-720c-412f-8299-4e3ce6fabe8d,최서준,Male,44,1979-07-20,경주 강동구 93길 30
7497ddd2-bd13-4485-8404-2a1a1a5b4555,윤예지,Male,43,1980-03-09,서울 남구 11로 97
94458865-86ef-46b3-96c2-7808e6b0236f,강하은,Male,28,1995-12-05,대구 강남구 13로 82
fc04d448-6021-4802-8872-52cf8d2060f4,윤서준,Female,58,1965-02-27,인천 강동구 73로 31
16ea9e4c-fe12-4735-b7fc-703d3b051b7c,조서준,Female,62,1961-06-16,부산 서구 8길 8
80a89281-24b2-45e1-9646-e0374f5f8724,장하은,Female,19,2004-10-02,인천 중구 3로 91
f2007b19-6834-4bc4-ba37-70fb1cbf127e,최예지,Female,21,2002-09-02,서울 북구 78로 96
3150b75f-a521-4591-9397-c9993feba4ee,김예지,Female,53,1970-01-15,제주 남구 76길 89
4c42cedc-0fd5-48fd-8ee1-8d5f8fa3751b,강예진,Female,16,2007-06-25,대구 강동구 24로 60
6ed1c4c5-2c81-463a-91c1-9206449acc69,윤은지,Male,35,1988-12-21,경주 중구 85길 6
b16233dc-e400-4700-9c3e-7183a9123090,강은지,Male,47,1976-09-14,경주 서구 80길 49
dc6232f3-c02f-4ee5-b152-720b08447ca1,최예지,Female,65,1958-12-16,인천 서구 79길 84
86ce347a-fd00-476c-af6f-85a7f3bf8075,김예지,Male,12,2011-12-05,대구 강남구 91로 13
e048d930-22ac-4e42-a2e2-2d86a736b3ac,강준영,Female,21,2002-10-27,대구 강북구 99로 43
7c25bb72-7132-49b1-baaf-291aaee88521,이예진,Female,26,1997-12-04,대구 남구 79로 24
ae45e090-e8de-457f-8475-894a39797892,장은지,Female,30,1993-08-01,서울 강남구 93로 36
dbf2cd65-af05-4a78-94b8-ab7b709c217a,윤승현,Female,59,1964-02-23,부산 강동구 37길 95
a0818d50-53af-4b6f-a541-dd45d220e6ab,최승현,Female,28,1995-08-08,대전 강남구 32길 91
ac366fc8-bdaa-47d8-b5d0-c6b60bf28b6d,이예지,Female,54,1969-04-18,대전 북구 26로 62
11fc3e52-55e0-4712-aaf3-a8c057033a62,장예진,Female,11,2012-10-08,제주 중구 75로 98
b59b9de4-6369-4738-a0ae-af136c96499d,윤서준,Female,36,1987-08-16,대전 남구 4로 47
419e5904-37b9-4675-a15c-9b07bcc5fb6e,이서준,Male,48,1975-06-27,서울 중구 97길 42
5c8a12ba-6689-4667-b4e8-139ab26febcc,윤승현,Male,60,1963-04-27,부산 북구 22로 68
f5119ac3-99e8-4a0c-999c-0ad4676ea01a,이은지,Male,67,1956-02-12,제주 강남구 80로 99
30878c54-f00d-4c20-8bf9-895adf01bef1,윤은지,Female,20,2003-09-13,인천 중구 13길 32
a88bc4a1-ea75-4f86-98b0-9f72140ca999,장하은,Male,14,2009-02-08,광주 중구 36로 4
82cf4f13-0a24-4c46-9bd9-17d51806b57c,강예지,Female,36,1987-11-23,서울 강남구 68길 65
d35cbece-eb60-4605-800e-8291dd0c615f,조예진,Male,55,1968-12-05,부산 강동구 6길 10
de3e9416-e715-40f1-a7d1-a13c7d593d8e,이서준,Female,25,1998-01-02,부산 남구 89로 81
7fbed9da-a5f7-4430-9dd5-2829a65d8388,조은지,Male,69,1954-05-06,대전 강동구 11로 8
d963d017-9267-4394-99a0-2d3f5a7613cd,조예진,Female,48,1975-09-10,광주 중구 13길 11
30d97ea2-5508-49c8-857a-e69298e5e3aa,김예지,Male,26,1997-06-06,경주 강서구 94길 75
04b14d8c-ac51-47f7-9b61-af8f70d2e7cd,강승현,Female,67,1956-07-27,제주 강서구 43길 64
5d069530-743c-4f07-b227-69360bf697ae,조하은,Female,59,1964-09-18,서울 남구 11로 20
bcb2a9c6-db93-4f58-930d-2672cc13d718,장예진,Male,11,2012-05-21,부산 강남구 82로 16
5df875df-c4b8-4d70-b324-8551f7f15113,조승현,Male,60,1963-02-16,제주 강남구 52로 37
9a05c510-ad4f-4942-ae18-764c231cf7f1,최서준,Male,18,2005-11-05,서울 남구 76길 22
0cb346bd-ee31-418c-b5b9-6df9848caaa6,이예지,Female,28,1995-12-21,제주 중구 45로 27
5d10db12-c0b0-48a6-a3b2-7b226c517f36,장서준,Female,50,1973-07-07,부산 북구 55로 98
8b78f16e-e5c4-4055-91f1-a0f2a9879eb3,이예지,Male,35,1988-04-17,대전 서구 50로 55
f206f663-7f03-41e9-bd23-8a4428a3016b,김예지,Female,23,2000-09-10,서울 중구 8로 75
0a65d020-8b98-4825-8e12-5452b5d9e8ed,장은지,Female,56,1967-05-14,부산 강서구 77길 41
feffa35d-3bff-472c-9879-eaadcd5cdca5,장은지,Female,69,1954-08-21,대구 남구 31로 62
a6827df7-8a69-4f9d-93aa-6bbd6303368d,이서준,Female,26,1997-07-13,광주 서구 38길 25
829d77f9-ce91-4820-b288-7949c755bc5c,강예지,Female,11,2012-05-19,경주 강서구 90로 24
490dff39-9219-435e-b44b-bc0f1e5bf168,이서준,Female,63,1960-10-27,서울 강북구 47로 0
0c99f109-e1ae-4deb-8081-71955e761228,최서준,Male,65,1958-01-14,광주 강동구 52길 50
6500e639-811d-47f3-8f63-14a2cb2a2ec4,윤은지,Male,40,1983-11-15,대구 강남구 86길 87
e13dd869-c6ac-4e6a-b871-50a0edba45d0,윤서준,Male,23,2000-05-10,부산 서구 78로 8
517e8760-dccb-4d0e-92c3-3ccf900084f8,윤서준,Male,22,2001-12-03,서울 강남구 92길 62
66aa55a0-f813-451c-9a3e-0f5a5bea53bb,최하은,Female,29,1994-07-02,제주 중구 15로 4
6264e5e8-d1be-48cb-9920-20ef001c6eff,김승현,Female,62,1961-09-20,서울 남구 10로 41
d1e39482-5071-4e91-a968-a7df37be23e0,이은지,Male,59,1964-06-21,광주 중구 38로 69
ad03de23-c7ed-4684-b118-9918e896ed9b,김준영,Male,14,2009-03-23,부산 남구 86길 58
8e8c6f1c-0ef0-4f9f-8129-3c27852c8d4b,김하은,Female,19,2004-07-17,대구 강남구 61로 13
715a841f-5795-42b3-8605-2a3dc874bfd9,김승현,Female,25,1998-04-05,서울 강남구 33길 42
730c4b57-9b72-4575-9ac7-bbbd4b608e86,조예지,Female,18,2005-07-26,제주 중구 2길 47
003b23ee-3a9b-42c2-b9e7-8e90ed09b429,이예진,Female,53,1970-01-20,인천 북구 92로 37
fcedcb54-e2b9-4578-bdba-42021ba56f29,윤예지,Female,38,1985-05-26,인천 강서구 43길 85
03742a13-4163-4c5b-a386-6a0fa18ac6ee,강서준,Male,11,2012-06-05,대구 강서구 28길 83
2f6bd5f0-d26a-40f5-86d3-0526fcdae693,김준영,Female,17,2006-02-03,경주 강동구 34길 17
61928d3b-776e-427b-9f92-db36ec9a29da,김은지,Female,33,1990-10-05,제주 강동구 40로 16
43eac51e-8178-4175-afbe-e4f63ef953f8,강예지,Female,63,1960-10-03,대구 북구 19길 23
27819aa3-e9da-4a48-9ce7-16edc5859797,강승현,Male,29,1994-05-17,제주 강동구 73길 13
d96b9f87-30c5-45ab-bd33-0d510a4ebf10,조은지,Male,22,2001-10-06,부산 남구 77로 65
142a300f-4a55-478d-8b31-2504e8baa9cd,조준영,Male,40,1983-10-19,부산 강동구 54로 47
43b02c45-030f-4eef-a863-38408c77c3af,장예지,Male,51,1972-07-14,광주 강남구 18길 83
35dd42b0-b2f0-435c-9dab-42884a670105,이하은,Female,39,1984-06-16,서울 강동구 52로 0
ab499dde-b20b-46fd-b5c2-22e46f21cd1d,김하은,Male,12,2011-12-08,부산 중구 30길 59
f65ec763-8246-4bf9-98c7-9899ec94f563,강예지,Female,36,1987-12-06,서울 강동구 26길 87
c2100847-29a1-439a-8388-2ac901dec9cc,윤서준,Male,35,1988-10-18,광주 북구 67길 19
07449ad6-6932-46af-84d1-efeb08a69ab8,윤예진,Female,49,1974-04-07,경주 강서구 27길 34
dd48a3f8-5ff6-4b63-9d9e-ba30066b5232,강예지,Female,69,1954-01-04,경주 서구 57로 82
07d82132-7831-4875-aa82-0b7898393200,장예지,Male,54,1969-03-11,대전 중구 66길 82
5e1ad117-2cc7-40ad-a690-195760e9b66a,이예지,Female,67,1956-07-04,서울 남구 70로 77
74dbe713-03bb-45b9-b42f-3256280809b0,최승현,Female,20,2003-12-11,서울 강서구 29길 95
11e0cd02-5bfc-46ef-bc29-c6a7624556cc,장준영,Male,33,1990-07-11,대구 강서구 14길 36
0d050749-3081-43ae-90cb-6d94e49cfa93,조하은,Female,47,1976-04-27,제주 강북구 42로 91
3d98ca0e-916f-4531-a142-048fc57c227c,윤예지,Female,22,2001-09-11,인천 강북구 77로 81
6a22ab5a-4c9c-4119-abe1-14edfae539a5,최하은,Female,19,2004-09-22,광주 강동구 87로 53
be88567f-a42a-4062-bf2c-707715b64984,장승현,Female,39,1984-04-19,대구 강서구 29길 88
7a3a5722-7353-434c-951d-92a9f2d6f3f8,조서준,Male,20,2003-09-18,부산 서구 82길 62
b035b89b-ec98-4d2a-8087-f8eaf245caa2,강예진,Male,32,1991-02-05,제주 강남구 86길 60
e5974f79-9811-4116-b035-ae6d80a5c4e7,조준영,Male,63,1960-07-20,경주 강동구 9길 26
1117d54c-98c9-45df-8335-66245475b394,김서준,Female,48,1975-09-08,제주 중구 79로 6
d89aaecb-d64f-41f5-a12c-6860c960c165,김승현,Male,46,1977-03-24,대전 강서구 0길 40
69911b95-ca37-47aa-b616-c05831447e7f,장승현,Female,65,1958-07-21,광주 북구 79로 47
1d66663c-0b5c-434d-aeb6-d7065d4ff14f,이승현,Male,28,1995-09-25,부산 강북구 8로 8
8c060a59-53aa-456b-8549-9f27b62de092,최서준,Female,69,1954-05-22,부산 강서구 59길 2
b9af75f9-79e3-4ec5-96cb-f55f5e13bc71,최은지,Female,45,1978-04-07,경주 강남구 49길 97
fe469f12-2b8f-4a89-b7ec-329963026b7e,김준영,Male,57,1966-09-15,서울 남구 85길 83
b00e109e-0de6-4492-a47b-783ca99fe5c5,이하은,Female,18,2005-06-15,제주 남구 53로 72
4d0ceb9c-05a6-49ab-a380-25ec0ccd4a28,최준영,Female,16,2007-02-12,대전 서구 38로 19
14ac5dcb-bc21-4463-8b55-48d033c20318,조은지,Male,41,1982-05-16,대구 강북구 90길 0
03aca09d-1411-485d-b5c9-167d9a6baa33,조서준,Female,62,1961-06-22,경주 중구 80로 26
b95e84e8-5bad-40b9-a754-1eb84458ba99,윤준영,Male,26,1997-04-06,경주 북구 57길 10
e2428759-1fe4-4f5d-b187-c30c68c4d13f,김승현,Male,44,1979-06-14,서울 중구 44로 56
393b1973-b229-4d6e-825b-d872c0fb640d,강승현,Female,24,1999-04-02,경주 강남구 65로 57
a0a837b5-e0ad-4b4a-ae02-1c5dd73c24d0,조하은,Female,54,1969-10-21,제주 서구 67길 21
2bc399a6-bf76-4945-9db1-ace0089e284c,최서준,Female,37,1986-05-02,경주 서구 46로 96
be2703a1-4539-4e12-8c00-3b0a093c2adf,조서준,Female,51,1972-08-17,광주 남구 70길 66
7e5f7271-cd8c-4204-a4e9-dbb6c4867b0f,윤예진,Female,60,1963-09-04,서울 강남구 19길 4
4cec3b4f-c51f-47b6-854b-8e73580a2f16,이하은,Female,69,1954-12-13,광주 북구 8로 27
f202f8bd-2c24-4b64-aa99-6e28183317df,김은지,Female,11,2012-01-15,부산 남구 34로 29
8e7e2951-cc81-4a24-8702-6c2438c0ccf5,조서준,Male,45,1978-10-16,부산 서구 74로 38
303cb792-0b64-4146-b8e9-52a202cc4589,윤서준,Female,62,1961-05-15,경주 강남구 20길 1
7cf7ce36-7e8e-4c70-9217-1050308795d4,장은지,Male,43,1980-11-03,광주 강남구 75로 25
93dbeb68-c84b-4d7a-8203-61e1f57a7383,김서준,Female,23,2000-10-13,인천 서구 22길 19
145fab20-b6b9-412f-8f84-2fae72ce43aa,강예지,Male,65,1958-11-27,경주 중구 16길 92
015d2e2b-dd5d-43db-90a2-a9d954ba591a,조예진,Female,67,1956-03-09,서울 강북구 53로 47
4bc2abb0-70c9-4283-85ff-8c91f4b25467,강서준,Female,15,2008-11-22,인천 중구 74길 37
b426a476-2e9d-4b2b-a1f4-e4f84401591b,김서준,Male,50,1973-04-02,광주 강북구 49길 42
e0f21ba6-7a89-48b5-a697-95ccfccc42ad,장서준,Female,38,1985-12-03,대구 중구 82길 24
c41bd998-2754-49cd-b98e-1130c699ff09,김은지,Male,40,1983-07-11,인천 중구 5로 89
50876946-3352-4be5-a77a-f4b04bc81ed3,이하은,Female,13,2010-01-14,제주 강북구 98로 74
7789b8a3-56f3-44ea-b6a6-538b8624ec5a,조예진,Male,41,1982-10-04,경주 서구 86로 49
55eff059-79cc-40f8-bb4b-f1a6adf5d1bf,조승현,Female,11,2012-02-20,서울 중구 60로 29
b4df8847-2de0-42dd-94f8-cc65de720432,윤서준,Female,15,2008-09-19,인천 강북구 17길 16
26f6096c-5f59-4927-a11d-8bfdad4d6406,윤서준,Male,23,2000-11-24,인천 중구 1로 74
5bf0ee6c-098a-486b-8494-1b267dea6782,강승현,Male,10,2013-12-28,대구 서구 35로 38
241a0b4d-dd51-4b2a-bbab-699831b5d35f,조예진,Male,63,1960-08-17,대구 강동구 86길 61
477c5223-5576-4892-91ea-b4051eba4fa6,강하은,Female,44,1979-07-28,제주 중구 16로 64
ce4feb85-4255-45f5-aedf-3399d6098c6c,조서준,Female,18,2005-01-25,서울 강북구 53로 1
732cdff9-3b9f-424f-adac-0b98aab65405,최서준,Male,65,1958-09-06,인천 강동구 80길 86
86ecb56a-c555-4207-ad84-c6dc9994ae53,강승현,Female,52,1971-10-11,경주 강서구 72로 99
dfd44c51-a5af-4584-a21f-76440ce258a6,최서준,Female,33,1990-10-10,대구 중구 88길 88
190bb020-d98e-43b7-8e18-d3cd70a15468,강승현,Female,23,2000-03-25,광주 강서구 84길 46
275db6ba-409b-4e23-b8fe-20bb9cd0e054,강예진,Male,51,1972-06-21,광주 중구 62길 51
2747a81f-37b6-4f0a-874a-4e2cca82dfbf,이예진,Male,62,1961-01-03,대전 남구 8로 99
8423a5cd-d52b-4eec-9f92-0814f9aabefc,장서준,Female,19,2004-12-23,대구 강서구 77길 82
5c7e58fa-b136-422f-9321-61c9d0c3cee8,장승현,Male,13,2010-12-23,경주 강서구 52로 85
e1c26a5e-5533-4a42-8731-f0c235d27435,최예진,Female,45,1978-11-07,인천 강서구 9로 98
9247b4f5-66e6-43f9-837a-2ba4b6fa40b5,이은지,Male,33,1990-09-14,서울 강동구 56길 2
62e54956-480b-4a08-85b8-ea75ddffbb18,최서준,Male,56,1967-09-27,대전 강남구 54로 69
6805edec-556f-4814-a089-611573a8b746,조서준,Female,14,2009-03-23,부산 강북구 54로 92
afaded3c-edcf-42b8-a406-a91b5326e8f3,조준영,Female,27,1996-10-22,광주 서구 90로 81
18d41d6c-2e60-42c6-8c89-c1bc46f14d42,김서준,Male,55,1968-04-09,광주 서구 89로 74
4d0193f7-7a6f-40bc-8e30-d5341496bae6,김하은,Female,26,1997-07-15,서울 강북구 42길 80
5c81e333-3284-4220-b001-552fa550e5b9,김서준,Female,49,1974-09-23,경주 강북구 39로 72
cd67510e-a5dd-43e8-821e-6bad34c181f6,윤은지,Female,15,2008-08-08,인천 서구 92로 41
bdfc231f-4663-4235-b78a-67d20d97b719,이서준,Male,11,2012-01-08,대구 강동구 48로 17
66a6e5d8-fa60-43d9-909e-f28961803d68,이예진,Male,31,1992-05-02,인천 중구 64길 75
49940969-1661-4f6e-81e1-18a267d8050d,윤서준,Male,10,2013-09-10,인천 강남구 15길 70
9490d850-0696-4449-b425-c53058f425aa,장준영,Male,13,2010-01-28,경주 강서구 55로 25
8bbe05f4-e461-49a0-bc25-5ba86ca2402b,김준영,Male,47,1976-01-12,광주 강남구 82로 50
5b72d40c-35eb-4e79-880f-7dae42990104,윤예진,Male,40,1983-07-02,경주 강서구 82로 73
b806e519-e4e8-49b2-ba0f-9ed216a57775,강은지,Female,12,2011-11-11,서울 중구 34로 4
6c4e45fe-bd8d-434a-a6a8-0790958b6bad,이하은,Male,56,1967-04-01,광주 강남구 3로 54
ae229b3d-70a2-42b5-a20a-36818b916aaa,조예진,Female,63,1960-03-19,광주 강동구 8로 88
fc29dde7-fe26-4867-9c8b-c5888b00f9b1,장하은,Female,49,1974-11-27,경주 서구 16로 20
048db3c7-a56b-44e7-8dd5-0b9ddb62ca6c,윤준영,Female,40,1983-06-08,대전 강남구 5로 99
21ee213d-3c62-4e5d-a8f8-29bc150f1530,장예지,Male,31,1992-11-25,대구 중구 75길 16
e7d48db2-219a-4bdd-bbeb-7396b9b515a3,김승현,Female,31,1992-09-24,인천 남구 94로 24
0eb71ada-905c-47da-9db3-bb4fba2a7eb1,조서준,Female,56,1967-06-21,인천 서구 14길 37
28af8d30-357b-44d1-a4d2-792785fed6ad,김승현,Female,29,1994-12-25,서울 강남구 52로 55
ef00d3f4-5619-44c1-b47f-5569ecce6774,이은지,Female,65,1958-08-22,제주 북구 84길 74
b2c00795-c197-4792-81cc-5c01e06b591c,장예지,Male,17,2006-10-05,인천 중구 6길 50
75e5c49a-ea39-4698-aca1-24e11ad57e5c,장예진,Male,35,1988-06-20,대구 강서구 50로 56
86bf56d7-204b-4c01-83db-8fdda1ea706e,강은지,Male,61,1962-08-25,서울 강북구 61길 26
65ab5a95-65f1-4526-8016-fa8336ff825c,김준영,Male,29,1994-09-24,대전 남구 36로 96
6f32e405-0f7b-49f2-8a37-02b778001679,장예지,Female,57,1966-11-06,경주 강동구 8길 4
fb75c40b-3cd7-4058-a6d0-e028b4310757,이서준,Male,10,2013-12-21,제주 북구 19길 31
25cd486c-421c-4587-b5a7-dfa15b9b0e6d,윤예지,Male,55,1968-05-02,경주 북구 55길 44
f8f13034-7bef-44c0-90af-80601847a14e,윤은지,Male,58,1965-06-11,서울 강서구 54길 37
2388f897-cee7-4225-9239-8047a9034261,조은지,Female,62,1961-10-03,대전 중구 54길 1
a6574702-7d65-4e44-b5f6-2f1a77530fa3,최예지,Male,17,2006-10-04,인천 남구 92로 52
69a56e93-c45a-493f-a29c-1624b3a993e6,조예진,Female,63,1960-07-06,부산 강남구 11로 17
3b72eb91-03e4-48bc-b79a-0cdc8eba2228,강은지,Male,34,1989-05-17,제주 강북구 87로 76
fb926126-b492-47c1-b37f-8c55e4d8c4ad,조준영,Female,55,1968-05-24,제주 중구 44길 44
ba59f12e-dfe2-4a93-9c8f-1742987886e0,윤예지,Male,30,1993-04-24,대구 강동구 50길 64
45ebf5cf-55cc-44cc-ac6a-3d49a264ef3e,윤예지,Male,52,1971-10-10,인천 강서구 4길 15
f85d710c-4614-4779-9c03-a0e4f2fe372a,조준영,Male,46,1977-06-05,부산 남구 37길 85
9e2bca22-b854-4ff3-b947-399a3d0ea92a,윤승현,Male,18,2005-05-14,부산 강동구 43로 83
a4277467-e04d-40a9-b2c8-13e160e5f415,이승현,Male,16,2007-11-17,인천 서구 19로 97
d14dea43-8677-4bd7-975a-d991f0711712,김준영,Female,15,2008-09-04,대전 강동구 83로 84
82208f46-aeb7-418c-9363-421533a6f86e,김예지,Male,59,1964-11-12,광주 북구 83로 4
067b34a6-d4c7-404d-b19b-15c5877bb824,조은지,Male,14,2009-08-25,대전 강남구 0길 19
7f7a3482-6f60-4ff4-befc-0365fd8647d9,김승현,Female,14,2009-01-10,서울 북구 0길 11
3ab0ddbb-2449-447e-a31c-22985f1a3313,최승현,Male,55,1968-07-22,제주 강동구 59로 67
71b3dff9-80d4-4259-87de-caa65625a23b,윤은지,Female,10,2013-10-12,광주 강서구 54길 47
5d3787eb-178f-4398-9e41-adc44b50f75b,윤예지,Female,38,1985-11-24,광주 북구 71길 97
85b8899b-c5f9-4f7c-b181-818877f253c4,이하은,Male,23,2000-10-17,대전 강서구 0로 20
b9e1386e-13bf-4dde-9c20-f5cf26f2a60a,윤예지,Female,68,1955-11-12,경주 남구 22길 28
38028217-3285-4247-b861-bcb547a7bab9,윤서준,Male,26,1997-06-23,서울 강북구 33로 29
6aa45d4f-a863-42c8-a672-ea4187ea8856,장예지,Female,46,1977-02-19,제주 남구 84로 18
e7bf8c28-816a-46f7-8256-dc4469b8d81f,이은지,Male,69,1954-04-06,광주 강남구 59길 99
1d3445cb-b4da-4ebd-b31e-2736ec0706a6,윤준영,Male,29,1994-09-15,서울 강서구 43로 75
ef431b9e-0993-4771-8bbc-998f64b8de1b,윤준영,Female,11,2012-05-26,경주 중구 96길 95
5060ca87-1c9e-489d-8ad4-ff8a3b03feaf,최하은,Male,39,1984-03-06,인천 남구 29길 40
bf7e996e-78b2-4f0f-a77b-79136498c81b,이은지,Female,33,1990-08-09,인천 강서구 92로 80
815d4fd7-f508-4ca7-ac51-9c3e563b48d5,김서준,Male,35,1988-11-25,부산 북구 12로 95
8e6e8a8c-bd89-4e92-ae16-3e01f4b2fdc9,이은지,Female,10,2013-10-11,광주 강서구 13로 37
59bc1f0f-abaa-4d5d-b3f6-dfcc482f3942,조서준,Male,22,2001-06-14,서울 강북구 14길 23
0ce14bc4-820a-43c3-92c6-616e66649015,조승현,Female,17,2006-05-21,대구 서구 15길 66
960fef97-0f7c-4407-90a7-64a9b04088b3,최서준,Male,59,1964-08-03,대구 남구 42로 72
9bff9888-a559-4816-a469-67306c4a7855,조예진,Male,21,2002-08-07,인천 중구 38길 94
4dfccceb-5822-465e-b52e-4da8edc43f1c,윤은지,Male,65,1958-08-03,대구 남구 23로 61
1473432f-7e5d-4af6-bb36-b6298bf8b759,강하은,Female,66,1957-10-26,대전 남구 85길 0
3cb72441-c074-4c43-9602-ecc61241a13a,이준영,Male,63,1960-10-19,경주 북구 94로 42
15ca3395-e234-4b78-99ad-15138798de90,김은지,Male,24,1999-12-17,광주 강북구 12길 1
fa350e75-baa8-4e3a-971f-31b645748f0a,이예진,Female,49,1974-06-26,경주 강동구 71길 5
7e96f466-aeba-4d9e-a088-42ff682d8a70,윤서준,Male,11,2012-07-11,경주 강동구 87로 98
471978f9-c838-4ad0-8ed7-7dcf7f44cfc1,윤서준,Female,64,1959-04-02,서울 서구 66길 76
25b21917-63fe-449d-8218-d1dcfa6afa6c,강승현,Male,11,2012-09-06,경주 강남구 88길 47
c6397ef3-6069-4952-a218-9ab04fe20712,이승현,Male,37,1986-11-15,대구 강북구 84길 9
2cae8582-10ea-4101-981a-c352617a5383,조예지,Female,14,2009-11-07,제주 강남구 45로 41
fb5248bd-4398-425e-8db4-bd6c9fbd920f,조예진,Male,19,2004-12-27,인천 강서구 65길 71
0d27ec6b-7750-4535-961e-c6facd3a8159,이서준,Female,44,1979-02-05,대전 남구 0길 17
bf366d30-5316-4cc5-9ad3-503d9608f8a2,윤서준,Female,59,1964-12-17,광주 강북구 91로 96
aaed95f4-a3d8-4ce3-bd5b-2b39c66e4450,최준영,Male,46,1977-01-08,인천 강남구 94길 32
8bd2e578-3747-41ba-b251-8310d4e33f0c,이준영,Male,22,2001-04-10,인천 강동구 95길 51
77c03716-90ee-438a-aa11-0c9491bf3b0a,강승현,Male,51,1972-11-21,광주 강남구 58길 47
41981662-5f62-4e01-bcdd-96dd1f0a7e4b,윤서준,Male,62,1961-09-21,인천 강동구 10로 19
8653dc8a-07b0-4bc1-8677-d1c88bf3a39b,김하은,Female,51,1972-06-15,대구 강북구 93로 92
3c3f9579-1882-42ca-b1a3-7c17810a951a,조하은,Female,13,2010-06-03,인천 남구 13길 78
bd989647-f254-42bc-bae9-9db917732a67,윤하은,Female,35,1988-02-02,제주 강동구 12길 66
16f60cbd-5f62-4a15-80b8-69d415b6ccfe,김서준,Female,48,1975-04-14,대구 남구 43로 79
2e052e1a-c8e0-4718-8188-bcb227aa7c74,김승현,Male,41,1982-01-09,대구 강남구 36길 0
12fddce8-a2bf-4e34-b010-666e97f572a7,이준영,Female,39,1984-05-28,제주 중구 22길 88
e13ef123-3560-4a07-b273-56a699a9d41b,강예지,Male,43,1980-09-16,인천 북구 67로 81
53ab72d0-67d9-4550-899d-6f03b89afffc,최은지,Male,66,1957-11-05,경주 남구 72길 74
e85b4bea-c2e7-41e9-ac67-0ac239730804,강하은,Female,63,1960-04-17,서울 중구 87로 92
6861e2ff-54a5-4507-a20c-b58153c98268,윤승현,Female,27,1996-10-04,경주 서구 84로 20
2b44a10f-1ebe-4976-8608-11962a36c996,강예진,Male,35,1988-01-12,인천 남구 98길 55
7d994e5b-b3ec-4708-8ad1-c426430f3f11,김하은,Female,18,2005-01-06,경주 서구 85길 68
0438efd2-cc11-4c4f-baed-13972d01eb21,윤준영,Male,12,2011-03-08,광주 강북구 59길 44
3343ae6e-5a97-4640-ad1a-8f9682d330a7,강승현,Female,47,1976-02-03,인천 서구 93길 12
240b640a-881b-49e2-8df9-609b60a0579f,최예진,Male,30,1993-10-22,제주 강남구 4길 52
86391e91-6b72-4ab3-9d88-d1d692302a21,최은지,Male,42,1981-09-24,광주 강남구 14길 49
aa670c16-688f-4618-b0c2-05d458a33cf2,조하은,Female,16,2007-04-25,경주 중구 44로 11
54824960-8f0d-4558-91b1-e326f1c7117f,이예진,Female,33,1990-11-19,제주 북구 68로 95
a0f1e5c7-bcc5-4b62-93cc-08d6187a67c8,이예지,Male,43,1980-08-22,인천 강남구 86길 58
0464d18b-c6c8-4419-8035-d43572029414,김준영,Female,28,1995-11-09,제주 중구 71길 52
4cfbca42-4d92-4942-878e-b29c4548a6d7,조예진,Male,10,2013-07-03,경주 강남구 46길 46
40eab81d-c556-46fc-b3e0-7b833a0a3b8f,최은지,Female,46,1977-06-25,부산 중구 68로 17
9f98e3b6-9480-4548-ad1c-872959b2c8d0,조서준,Female,38,1985-02-11,광주 중구 24길 63
